keyword,language,topic,topicColor,keywordColor,limitPages,ratioNew
'Streusalz',de,Mitigation,#a76535,#a76535,1,0.0982235376958226
'Schnee',de,Hazard,#477515,#477515,3,0.0850022469017421
'Skigebiete',de,Impacts,#a705a5,#a715b5,1,0.075147646071687
'Frost',de,Hazard,#577515,#477515,3,0.0403085285191455
'Schnee Klimawandel',de,Causes,#334faf,#332faf,2,0.0397680613958972
'Winterdienst',de,Mitigation,#b76555,#a76535,1,0.0375715077306758
'Kaltfront',de,Causes,#532faf,#332faf,2,0.0365075465933805
'Glatteis',de,Hazard,#677515,#477515,1,0.0351360208597128
'Wintereinbruch',de,Causes,#434fbf,#332faf,1,0.0327072923243277
'Schneefall',de,Hazard,#476515,#477515,1,0.0316098391081816
'Bodenfrost',de,Hazard,#b32a1f,#d32f2f,1,0.0245836180452884
'Schneematsch',de,Hazard,#477515,#579515,1,0.0218854674521883
'Schneefallgrenze',de,Hazard,#a32a3f,#d32f2f,1,0.016856863269274
'Eisregen',de,Hazard,#477515,#679515,1,0.0137822030056662
'Spätfrost',de,Hazard,#c32a2f,#d32f2f,1,0.0095451879313667
'überfrierende Nässe',de,Hazard,#479515,#477515,1,0.0080723205315388
'Frosttage',de,Hazard,#d32a3f,#d32f2f,1,0.00049630694952675
'Eistage',de,Hazard,#c32c4f,#d32f2f,1,0.0004089667110041
'Schneedeckentage',de,Hazard,#b32b3f,#d32f2f,1,2.452101712608086e-05
