day,sentiment_mean,sentiment_std,subjectivity_mean,subjectivity_std,counting
2025-09-29,1.3225084253538508,1.0,-0.5740337150030801,1.0,1.0
2025-09-30,-1.1139032132434534,1.0,-1.2312405208201902,1.0,1.0
2025-10-01,0.2804471396993082,0.33815866728313254,1.2125841717407648,1.6622250587204737,4.0
2025-10-02,0.8508831652522979,0.20852411239203028,-0.4308345902949821,0.0,2.0
2025-10-03,-0.541880191860715,1.0,1.6185778896514837,1.0,1.0
2025-10-05,-0.4921253022108033,0.4180952452489795,-0.4862413867812409,0.0,2.0
2025-10-06,-0.23694757451119183,0.9962486553048071,-0.2750855014803771,0.6261393261782846,12.0
2025-10-07,-0.15325254047894657,0.33216819743365944,0.3514471437792472,1.0925678665842105,6.0
2025-10-08,0.5313637383042571,0.7053079098970861,-0.5105162758231736,0.10983654769213966,11.0
2025-10-10,-0.13077854331163932,1.144699383098532,-0.3292564919155585,0.5990321200216151,4.0
2025-10-12,1.1604714655897668,1.8134999822704585,-0.6874631260295819,1.0,2.0
2025-10-13,0.11603084525357138,1.4561064298783466,0.39529310683934243,1.0622635380244647,13.0
2025-10-14,-0.25595470440133666,1.084330929458655,-0.559148858162282,0.1814637778639098,3.0
2025-10-15,0.0486631809711745,0.94680905669092,-0.3106944929373764,0.3759137163161083,12.0
2025-10-16,-0.0002796923409352657,1.1059256937881803,-0.5063950283705154,0.0882554663727143,9.0
2025-10-17,0.1098598652465806,0.6521520810608537,0.26737234513111535,1.191370999407932,12.0
2025-10-18,0.5612892539975061,0.4941774494677692,-0.28254218167163514,0.38753571968305467,3.0
2025-10-19,0.7689504074458586,0.5281395519175088,-0.06470799376163111,0.7256126552008025,4.0
2025-10-20,0.0,1.0,0.0,1.0,1.0
2025-10-21,0.1106876019116737,1.7756588047804747,-0.38469033482731274,0.0,2.0
2025-10-22,-0.2899377631233116,0.8973038401378358,-0.4231157734221082,0.21246009484395964,15.0
2025-10-23,-0.5525721951128769,1.4642868542601566,0.06016995202637808,1.065278015690346,17.0
2025-10-24,-0.11783888265023057,0.6412431443614395,-0.2733849910858626,0.6770483641568255,15.0
2025-10-25,0.18549723386400213,1.6285520679976575,-0.31509638471492507,0.6172110574268191,10.0
2025-10-26,0.47279040644076137,1.0093864129059569,-0.3127001781306612,0.5714573071032336,14.0
2025-10-27,0.408129232997559,1.5902716122128413,0.028185402225899523,1.0165157537032965,11.0
2025-10-28,0.44348372823883864,1.1589778107695303,0.3398780417892528,1.6062954252622708,9.0
2025-10-29,0.36310046968518744,1.0817659945086933,-0.5682690088475352,0.09945990791232032,4.0
2025-10-30,0.07402022806244216,0.821425777691939,0.5466663377026689,1.9264186927201732,8.0
2025-10-31,-0.17688500273435398,1.3988095083663745,-0.0641922949777727,0.7624265700870857,4.0
2025-11-01,0.601891561446127,0.9017104915065768,0.27447376288641856,1.1589486929716133,6.0
2025-11-02,0.7103899867709506,0.9427703841212114,-0.4481990716304691,0.19138303158136083,9.0
2025-11-03,-0.3479628448765067,0.7531858780768521,1.4749452430380554,1.5042522691644964,7.0
2025-11-04,0.5384639210654101,0.9103630800811874,0.14539247864545377,1.2225082451150855,14.0
2025-11-05,0.6345503388144228,1.0960693111565771,0.16134440253061402,1.4050292823933173,11.0
2025-11-06,0.18227061979119497,0.7495425263845067,0.6918511549674846,1.0679386868846175,8.0
2025-11-07,0.5805603397445622,0.38229420605205516,-0.4308345902949821,0.0,2.0
2025-11-08,-0.007185374048042685,1.2265478543428792,0.08208430893180646,0.7853594956037555,6.0
2025-11-09,-0.08873856830387386,0.23735243186125174,-0.27930278854513924,0.5968428050723985,4.0
2025-11-10,0.10587721715464503,0.5675860634296169,0.0338199249133266,0.8393226430165822,12.0
2025-11-11,0.39243547451295435,0.9200725844908111,-0.18361044107547528,0.6101274023362209,13.0
2025-11-12,0.3402821701163108,0.8156426571356078,-0.3379848625365023,0.47936350451444065,6.0
2025-11-13,0.7045185328286367,0.7742398754784603,-0.6589014036221517,0.06473034772381786,2.0
2025-11-14,-0.4755778757172468,1.0859705222894969,-0.11926553697223027,0.5560805267807283,5.0
2025-11-15,0.1590484386593054,0.8438911141406277,-0.15210215006984112,0.5850271584441131,9.0
2025-11-16,0.2729310655638737,0.6435815334667749,-0.07964736882902732,0.9406044731954154,16.0
2025-11-17,0.043692599794719976,0.6660973536401295,0.23840987674874758,1.2175999036142042,22.0
2025-11-18,-0.03614489330676867,0.9359425201660283,-0.09572014761024818,0.8363972709448281,24.0
2025-11-19,-0.1094741247707245,0.6705429073003553,-0.37045234601023047,0.5753357021376239,26.0
2025-11-20,0.2736011023170804,0.9853981776505899,-0.18642743317182134,0.7784850327478555,32.0
2025-11-21,-0.0038969178929105404,0.731910885643789,-0.23144634386414753,0.7610531895366248,19.0
2025-11-22,-0.09831557205160839,0.7460490192521412,0.0019242155730415042,0.8648265541671498,19.0
2025-11-23,-0.05684622359189211,1.140127221894995,-0.4103420424996987,0.3413618360699694,36.0
2025-11-24,0.2833424893695192,0.8671074568580238,-0.12229740806214014,0.7303556804380287,83.0
2025-11-25,-0.39628262435942396,1.0051493503410964,-0.5426061207023113,0.2714052420197605,15.0
2025-11-26,-0.010606480741357475,0.8226707293504184,0.10051885780061358,0.8873734855714959,15.0
2025-11-27,-0.21663791647343072,0.8955208791277888,0.26665004613873167,1.1006436118945486,5.0
2025-11-28,0.2065794545708897,0.8200923226242695,0.008869400758607069,1.1383177195089136,14.0
2025-11-29,-0.08796790487401619,0.37407709122435046,-0.2188936889575698,0.3351891641015368,2.0
2025-11-30,0.578661347224206,0.8012570487445432,-0.21635325858326201,0.5393532917627364,7.0
2025-12-01,-0.27635875575954794,0.7991640765326895,-0.04995727819286533,1.197335368770166,8.0
2025-12-02,0.13413794881732385,0.6772614316152925,0.04612371508927515,0.8546354602041268,10.0
2025-12-03,-0.9442974456539033,0.6225581205825299,0.19027138337939528,1.3145398753106514,6.0
2025-12-04,-0.17676073937228015,0.8127448546066888,-0.519405261468856,0.09658035851906613,13.0
2025-12-05,-0.3571863076389782,0.2993942592655754,-0.10759138596736706,0.8788976959965662,4.0
2025-12-06,1.5160387345035977,1.4009027005625687,-0.5189812752358797,0.09129587100033282,3.0
2025-12-08,0.07168778413428163,1.0,0.09644212343488835,1.0,1.0
2025-12-09,0.41327500481941143,1.0467277047967967,1.0985027912045056,1.4971215350887126,6.0
2025-12-10,0.8321004628607034,1.5583328569241437,0.030061499686274012,1.4347222252305556,7.0
2025-12-11,-0.3841335625554401,1.7095489957747794,1.2231223226194492,1.5235804502381818,3.0
2025-12-12,0.07862783866803018,0.8091275577026708,1.6254687487161985,2.2196936809018024,6.0
2025-12-13,-0.29366051169902313,0.4826879190028016,0.8766206206528087,1.2669629452021471,3.0
2025-12-14,0.5002101587160641,1.127574253516821,-0.5753089153833483,0.13677156394336468,4.0
2025-12-15,1.2993157717190096,1.1730295001887208,-0.4971672812469391,0.0938085911729606,2.0
2025-12-16,0.5712932469710487,1.1255444437510045,-0.481970865477643,0.10045898307520541,8.0
2025-12-17,-0.02170856011169292,0.4893421550289784,-0.312200547310531,0.3702880168299118,2.0
2025-12-18,0.8344999637063745,1.0,1.114695029619196,1.0,1.0
2025-12-19,0.09266219084666732,0.36331176750382344,0.738893672510412,2.0495404180785854,5.0
2025-12-20,0.41209099252221076,0.8994317120403253,0.4725768586652441,1.4308764842572157,9.0
2025-12-21,0.20740980191667804,0.8806742474445026,0.4004250602396608,1.1348395119784263,17.0
2025-12-22,0.5979328845217757,1.2146169308922707,-0.48630867059633304,0.07581065628159615,8.0
2025-12-23,0.18797865352369633,0.7554061272367301,0.4048978555560074,1.2060897648538993,24.0
2025-12-24,0.033156689343910445,0.747773685940385,1.6516828945792592,1.7399325343787675,8.0
2025-12-25,0.243734095738157,0.7584618124678051,0.02328472837397829,1.035490901056596,12.0
2025-12-26,0.2636136257054802,1.3944616032392099,0.05334989062292328,1.3053902679418676,12.0
2025-12-27,-0.28557381048714325,1.0664161647658261,0.02848408189581288,0.8928311052554072,40.0
2025-12-28,0.13801510611790474,1.128948602415163,0.08878600669639312,1.1206034957804971,16.0
2025-12-29,-0.06934281946675766,0.5810846993914048,-0.18366214956013424,0.6872928799446135,26.0
2025-12-30,0.05138298052125106,0.5988296887577967,0.01520628872850214,0.7927596442561557,24.0
2025-12-31,0.5099272062303974,0.8116380335990718,0.1210074031912528,1.2797108696463768,8.0
2026-01-01,0.25400754359250527,0.19909454587986644,0.547615862929997,1.4620949440993802,2.0
2026-01-02,0.08288778697978694,0.8716354466608643,0.13433533446121015,0.8444880159132351,23.0
2026-01-03,0.25034292358706034,0.6692948745006496,0.22882708096056503,1.090888766049268,40.0
2026-01-04,0.4077827752482011,0.9184328575611209,0.5403042101802941,1.0822868055552042,30.0
2026-01-05,0.11452092969970122,1.0126235082487187,0.05918096319525751,0.9012814700386816,19.0
2026-01-06,-0.27856075972391076,0.8953499617634851,-0.10571146552526542,0.837059071316955,30.0
2026-01-07,-0.12524004979395179,1.159857725258078,0.028318042191850804,1.229991097960095,26.0
2026-01-08,0.03902295841196311,1.0593684824066703,-0.2910645645418356,0.5909463552069703,56.0
2026-01-09,0.11616229546634477,0.7981721942461375,-0.06325836265679805,0.7650453272506991,67.0
2026-01-10,-0.5511334897367162,0.8921688834211892,0.16291454417677628,1.1094650935784556,28.0
2026-01-11,-0.1313050065884181,1.020128024046441,-0.05447320499971269,0.9470749021906385,44.0
2026-01-12,-0.2211392753489645,1.0676074499614379,-0.2801269467350598,0.5482756093744618,78.0
2026-01-13,-0.06565337660772927,0.9626413501329079,0.06589984458117844,0.9591191125107777,47.0
2026-01-14,0.6794954065767059,1.37241702032785,-0.23821234622977475,0.6159413071514487,15.0
2026-01-15,0.07534635434884754,0.7540269110468502,-0.061651720343917554,0.8558871890485167,9.0
2026-01-16,0.5821916787197138,0.7544679637688201,0.18023168600826203,1.564014066406759,11.0
2026-01-17,1.4506385867150084,1.0,-0.4862413867812409,1.0,1.0
2026-01-18,0.5216733725747135,0.437249315291288,0.7353179186422965,1.5839308620265244,2.0
2026-01-19,0.21715455703443656,1.5494631805171761,0.07866823540446823,0.9618006396239899,6.0
2026-01-20,0.448891294011033,1.0272104864512255,-0.49445615123218517,0.04776957435013765,9.0
2026-01-21,-1.2127619898564634,1.0,-0.38469033482731274,1.0,1.0
2026-01-22,-0.28027974534445094,0.45034646183961785,1.361748650879649,0.5092895583913485,3.0
2026-01-23,-0.1707233633142542,0.9111604311974089,0.14376276362428791,0.9943867509742846,32.0
2026-01-24,-0.4094170785741645,1.0296677084427055,0.3712142891921102,1.4794876136750785,32.0
2026-01-25,-0.35750311786043243,1.0896679598997034,0.24460776041149637,1.2460662162986569,38.0
2026-01-26,0.10907900626266645,1.2528715391947427,0.22370666554523946,1.2357540254902983,47.0
2026-01-27,-0.3423891922133911,0.9642359150402228,0.5497920831597894,1.646486559933899,30.0
2026-01-28,-0.15466858127248234,0.8580319771978848,0.2552085360486553,1.1756779910706823,21.0
2026-01-29,-0.3273882729466488,1.0837519927743584,0.27035592243117507,0.8102776049281432,21.0
2026-01-30,0.17405654985519034,0.9113196615917751,0.15730531788162158,1.0491010052061849,36.0
2026-01-31,-0.6215289807378199,1.081344648697098,0.6352724808260687,1.3560796873993173,19.0
2026-02-01,-0.23292319171621706,1.081058159570934,0.1632467581732636,1.3092453870061371,18.0
2026-02-02,0.13447926966381174,0.9222631248807033,-0.10918114868049997,0.7215132620610268,27.0
2026-02-03,0.02662044993603813,1.0530900929353544,-0.2653625618093777,0.6633688032152403,37.0
2026-02-04,-0.12954513338982226,0.9642917341255994,0.03608631538474476,1.0343597160098679,40.0
2026-02-05,-0.3680642989245406,0.955795218852103,0.05225963093446306,1.101948707040983,28.0
2026-02-06,-0.2596895368547328,1.2323820347594372,-0.331995012335326,0.7393136232796494,47.0
2026-02-07,0.32853326419700224,1.5361965057755507,-0.20681805349426496,0.7116570792805216,19.0
2026-02-08,-0.34166558875565095,1.0672437676112347,-0.2807437732624838,0.6951247595437615,8.0
2026-02-09,-0.25051942228422514,0.31066695295010527,0.45388350628061563,1.3199996278165103,3.0
2026-02-10,0.06012885982559352,1.2250017791299503,-0.27949326832673516,0.8205447278978907,19.0
2026-02-11,-0.36759289983959575,0.7792668878702944,-0.06817376442756566,0.6280815288560054,8.0
2026-02-12,-0.43990781241305754,0.8703347777411096,0.37822439093256527,1.2978448017364665,20.0
2026-02-13,0.02823005079910235,1.0143641719581464,0.1810269133744516,1.0483599699055757,27.0
2026-02-14,-0.32122641209737846,1.0961515440648208,-0.5043107599293258,0.0736137817760791,13.0
2026-02-15,-0.24602710574992195,0.8587962840914537,-0.10865195663199013,1.0519879189747614,13.0
2026-02-16,-0.26135358259287794,0.8826421891902617,-0.3513833521028438,0.5344218043176605,28.0
2026-02-17,-0.47205895484324906,0.6088328633834682,0.2513136508185786,1.1545075740174302,21.0
2026-02-18,-0.7308929265931583,0.8926997400422906,-0.24856078662664002,0.8797609295392391,18.0
2026-02-19,0.1456207031265112,1.0435296632459752,0.10872346545518444,1.0907032933500074,47.0
2026-02-20,-0.03472201312260773,0.7224559389070312,-0.33301229318832176,0.7106960670410176,42.0
2026-02-21,-0.20080047137571638,0.7424440734970505,0.058030018444073184,0.7398837654819724,19.0
2026-02-22,-0.2717813999759392,1.1341727738531868,-0.2303380808494872,0.6405795887296719,14.0
2026-02-23,-0.23183440031373298,0.88998587287537,-0.30309379994427604,0.5636407151994799,15.0
2026-02-24,0.3936872724521467,0.35542276386142174,-0.09793927639421857,0.9256599027605785,10.0
2026-02-25,-0.060982327762505596,1.0939586361196294,-0.5382395359067381,0.03572365159583125,3.0
2026-02-26,0.2559950889455814,0.5901854776201924,0.2511737343927425,1.0015769059053488,4.0
2026-02-27,0.3381281784214671,0.7710381055762177,0.03288298058950736,0.7425419154065054,6.0
2026-02-28,0.5186227200889866,1.0655478102742417,0.6839277075909496,1.0773083849677128,10.0
2026-03-01,0.6561079419781625,0.776079833820334,0.406906908248079,0.7686979554447261,3.0
2026-03-02,0.5897750618950217,0.5674378473690093,-0.04375361639845129,0.8542599835363849,3.0
2026-03-03,0.33877794638901454,1.8610932092135786,0.0006405572791895464,0.7978151878722475,2.0
2026-03-04,0.15190865533412243,0.2807894079452536,-0.12621577443087104,0.6915211453534846,3.0
2026-03-05,1.4268796298723316,1.5543575182239837,-0.48340735592972345,0.0973309555220076,3.0
2026-03-06,0.4103964642381726,0.9487807642536578,0.038491514407791604,0.9321154600889994,3.0
2026-03-08,-0.4120888758554054,1.039915174901254,1.1314493627034659,1.8875517089271239,4.0
2026-03-10,0.7644681066136181,1.047354117989366,-0.494337769715136,0.059203604408942796,4.0
2026-03-11,-0.041050612695941825,0.7731233962555109,0.027705708738164986,0.5612760643755813,3.0
2026-03-12,0.5975207485771858,1.1228969779616773,-0.4585379885381115,0.03917852151925656,2.0
2026-03-13,0.8649047404669273,1.91298797384645,0.7871201734742743,2.157721077442227,3.0
2026-03-14,0.12292766753222623,0.573137224274163,0.20487974236715875,1.285833583447157,8.0
2026-03-15,-0.28514871062652897,0.5507491316014401,-0.47684781368065793,0.061663538084126786,5.0
2026-03-16,-0.10133355325064862,0.5845302116421387,0.14874815156738913,1.169827067859429,16.0
2026-03-17,-0.3840323546593063,1.2281920477807036,-0.48440352603164677,0.05738211087151153,4.0
2026-03-18,-0.2384862928138593,0.5352604484696744,1.3331660381320516,1.8853814920215541,2.0
2026-03-19,-0.23778543555413148,1.0459916083775807,0.6399776588847276,2.2331887185779804,5.0
2026-03-20,-0.13955899487891774,1.2584181049594907,-0.29927918117981805,0.5194954715028379,6.0
2026-03-21,0.20759757791798203,0.6423387700555142,0.4507942734335764,1.4328610814387541,7.0
2026-03-22,0.19377683737484835,0.8352745257441777,0.7176630928041399,1.7753904950448216,4.0
2026-03-23,0.6213540938006178,0.11561444479952793,-0.5024341526490311,0.10125707214107418,2.0
2026-03-24,0.01284047015604331,0.5639788333969701,0.17281388071705395,1.2619067935577275,4.0
2026-03-25,-0.2897688792540477,0.6798811406694139,-0.33251182206548624,0.6626345103767426,18.0
2026-03-26,-0.23679622412443,0.7987452362029525,-0.13009641448078194,0.8744981002755848,19.0
2026-03-27,0.36818563426584827,0.8420096938014808,0.3957327230122431,1.9105203404855102,14.0
2026-03-28,-0.4646407677710776,0.5216223450835059,-0.0429131059303497,1.1804117335326245,13.0
2026-03-29,-0.24848272625048456,0.7132050089963364,0.3028248497715491,1.204670926187444,11.0
2026-03-30,-1.3643154302542988,0.7950860211828342,-0.46945830824505697,0.05598692910715746,7.0
2026-03-31,0.25670881112542776,1.7289796326147011,-0.3718092995365496,0.1734230414303846,5.0
2026-04-01,0.12598962647768777,0.14667138014256312,0.11181057312567973,1.102828550404918,4.0
2026-04-02,0.21608281376872052,1.1646108764587986,-0.5151668251251936,0.09642562392383892,7.0
2026-04-03,1.2101325948637693,1.0,1.0630552242254725,1.0,1.0
2026-04-04,0.17654454301726077,1.0,0.6487924667437935,1.0,1.0
2026-04-05,0.8500193598410688,1.0,0.5331491020898294,1.0,1.0
2026-04-06,0.471363537238579,0.6097410761180811,-0.4585379885381115,0.03917852151925656,3.0
2026-04-07,0.3607378993525047,1.2090161689608052,1.7683315714028336,2.4491236429116157,9.0
2026-04-08,-0.3156123999600966,0.7695817911911208,-0.18070408545594716,1.013177871288627,5.0
2026-04-09,0.09201799776847501,0.24213740969825134,0.21540206641898613,1.0552404310273766,4.0
2026-04-10,0.010594331931332033,0.4403224074440633,-0.4757883253441837,0.053390046953321946,7.0
2026-04-15,-0.799674489644164,0.8722486570918188,-0.014873440249400599,0.49302620805322056,4.0
2026-04-16,0.39980928374710056,0.4319084215092136,0.1407218111187043,1.476356035182489,5.0
2026-04-18,-0.702835025517275,0.777187097784842,-0.479074115868011,0.03454146925582492,4.0
2026-04-20,-1.3170382524687363,1.3200487219571408,-0.5088434233501968,0.12191063162772019,4.0
2026-04-21,0.5141309710202745,1.1080597902691534,-0.11140280576375018,0.2808231704363839,3.0
2026-04-22,0.20270035869729952,1.4487156939346817,0.04311789846646592,1.0139260191804433,8.0
2026-04-23,0.5209993315576996,1.4957835299688094,-0.44930352245706834,0.03198912886627631,3.0
2026-04-24,0.31003872990006165,0.8369260139586446,-0.6400079207315053,0.2493882204190752,4.0
2026-04-25,-1.7787037822902476,1.0,-0.5740337150030801,1.0,1.0
2026-04-27,0.23594729943557768,0.31198599546052347,-0.48030976047548957,0.0699684566699905,2.0
2026-04-28,0.6934606839995764,1.913797747706691,-0.2221152129448086,0.4228281838848947,3.0
2026-04-29,1.2151799951608933,1.5125922881520675,0.09318394338005533,1.1609776384355668,3.0
2026-04-30,-0.4458305525990904,1.0,-0.529784930655997,1.0,1.0
2026-05-01,0.030383092180536683,1.0,-0.7134145331668839,1.0,1.0
2026-05-03,-0.04565228839387047,0.13142106117083358,-0.49878877441894653,0.07501903469314916,3.0
2026-05-04,1.4211734440768535,1.0,-0.529784930655997,1.0,1.0
2026-05-05,0.5782210700044583,1.0,-0.6131301357980768,1.0,1.0
2026-05-06,-1.600761612920581,1.0,-0.6874631260295819,1.0,1.0
2026-05-07,0.6488515353408817,1.0,2.041241452319315,1.0,1.0
2026-05-10,0.29148237421813317,0.4287052551972955,-0.17297568124748217,0.9095672320675546,7.0
2026-05-11,0.9438306156908837,0.4180952452489797,-0.4862413867812409,0.0,2.0
2026-05-12,0.4397595239894551,0.7889051608444846,0.0401184886941669,1.0064586020234105,12.0
2026-05-13,-0.8395209865771978,0.9861866823190483,-0.5015909376461255,0.046561399823259984,5.0
2026-05-14,1.5351065818856962,1.0,0.41463501910891587,1.0,1.0
2026-05-15,0.10603066066218032,0.6692877196085952,-0.42351240956990405,0.18881718088250646,5.0
2026-05-16,0.2989371511738413,1.5386563893761205,0.19391592363442742,1.0517010528153428,5.0
2026-05-17,-1.0028984459111963,0.7086634375731959,-0.2920233348477177,0.3524673251695184,4.0
2026-05-18,1.6182399255368063,0.46603534529458784,0.40378807848547915,1.1150768657453691,2.0
2026-05-20,-0.5083075327605967,0.08261302209139162,-0.6321314978382049,0.20631977367287546,2.0
2026-05-21,-0.3853479516330852,0.4064543496573638,-0.4585379885381115,0.03917852151925656,2.0
2026-05-23,0.5788989601461652,0.8186867606823887,0.0,1.0,2.0
2026-05-26,-0.3900097491791131,0.5567839315073159,-0.14203263512131142,0.6783670846064921,3.0
2026-06-01,-0.6151701192475691,1.0,0.2578297619186738,1.0,1.0
2026-06-02,-0.10586929516301843,0.4467277237512713,0.39732679189947,1.1392552069880486,2.0
2026-06-03,-0.5752712671148233,1.0,0.6302065906861937,1.0,1.0
2026-06-04,-0.2707346716171437,0.7756914442211127,0.009971709248116023,0.7633311605333275,2.0
2026-06-05,0.32485507192342894,1.0,-0.457038154851468,1.0,1.0
2026-06-07,2.6955328015883593,1.0,-0.6874631260295819,1.0,1.0
2026-06-08,1.0942588902265828,0.40445051316429603,0.3385102713956689,1.1663749805834849,2.0
2026-06-09,0.5003080435170755,1.0,-0.6211640273377456,1.0,1.0
2026-06-11,-0.9182267911766419,1.6481082674754797,0.22386990654285283,0.9427855185036316,7.0
2026-06-14,-1.1772567088686718,1.0,,1.0,1.0
2026-06-16,0.39043166856703043,1.0,-0.5142620040456337,1.0,1.0
2026-06-17,0.7924980797852454,1.6298608627591709,-0.4484591000504853,1.0,2.0
2026-06-22,-0.1311747087734096,0.5360085416477577,0.16591392476775246,1.0538779867135384,2.0
2026-06-24,-0.36924466763061775,1.0,-0.38469033482731274,1.0,1.0
2026-06-25,1.0180523026054786,1.4180494981432499,-0.43964684517273367,0.012462410363204732,2.0
2026-06-26,0.7071067811865476,1.0,-0.7071067811865476,1.0,1.0
2026-06-27,-0.10568396131711592,0.8916282886742327,0.3328473738145601,0.6084357907686435,4.0
2026-06-28,0.07320492938347933,1.0,0.1445304507185038,1.0,1.0
2026-06-29,-1.1932621996482289,0.6027112978711839,-0.5172577065810328,0.05372184175704416,3.0
2026-07-01,0.04419056752157972,1.0,-0.5792903461806167,1.0,1.0
2026-07-02,0.19896744142825443,1.1065291901400105,-0.5131610137650516,0.06603856325783317,3.0
2026-07-05,-1.0203886875183548,1.0,-0.457038154851468,1.0,1.0
2026-07-08,-0.854833097484899,0.7440541731870522,0.024012040801519807,0.6681750952227945,2.0
2026-07-10,-1.2936695438385353,1.0,1.7888543819998315,1.0,1.0
2026-07-12,0.8426344384532023,1.0,-0.5819821145319835,1.0,1.0
2026-07-14,0.11322644010359549,1.0,-0.6131301357980768,1.0,1.0
2026-07-15,0.47902999967556387,0.517324355111032,-0.1744194953963212,0.6204305376135487,2.0
2026-07-17,-0.09601586192777406,0.5589141674923077,-0.5132519708402873,0.0933923660433788,3.0
2026-07-19,0.13726799240735832,1.2051340727663002,-0.463186213375125,0.09873043877668133,3.0
2026-07-20,1.036020916132398,0.8994694055473982,-0.181749986099448,0.5398760077775799,2.0
2026-07-21,1.7499611121039413,0.11019450231886371,0.34553812198401335,1.2855740015072614,2.0
2026-07-23,-0.6161301619026469,0.06987120237202024,0.8567171735494307,0.5626576539824324,2.0
2026-07-24,-0.0752661781381564,0.3754768565297444,1.0432662361401444,0.63122336072537,3.0
2026-07-26,-0.8040597270680403,1.0,0.9515635181059527,1.0,1.0
2026-07-27,-0.4875742406239984,1.1885168591409492,0.9386918089392522,0.01820334567447005,3.0
2026-07-28,-0.5167043158934695,1.190242852014026,0.6716351700277263,1.8851044775807249,3.0
2026-07-29,-0.0335318116088588,0.6936092246372316,0.15075323292006945,0.7882492550368518,3.0
2026-07-31,-0.016070668530357216,0.7521211618247069,0.4602283505908236,0.8868123808061675,3.0
2026-08-01,-0.07581706596144112,0.4077297662747899,-0.5044970770865286,0.16943231976672085,2.0
2026-08-02,0.0,1.0,0.0,1.0,1.0
2026-08-04,-0.5784363807458003,0.1587252478018945,-0.42086424483939033,0.05115763414314408,2.0
2026-08-05,-0.18178770057486693,1.1249022111717328,-0.563499972198896,0.0,2.0
2026-08-06,-0.07091844101527472,1.281695021691171,-0.1119281380535253,0.6386190122340771,2.0
2026-08-07,-0.9772136822661409,1.0,-0.563499972198896,1.0,1.0
2026-08-08,-0.28714177925269097,1.0,-0.6232896141887689,1.0,1.0
2026-08-10,-0.8473482158675655,1.0,-0.563499972198896,1.0,1.0
2026-08-11,-1.2109715217835766,0.5142410108213636,-0.563499972198896,0.0,2.0
2026-08-12,-0.8473482158675655,1.0,-0.563499972198896,1.0,1.0
2026-08-14,0.3333333333333333,1.0,0.0,1.0,1.0
2026-08-16,0.10309448806939459,1.0,-0.44721359549995787,1.0,1.0
2026-08-18,0.07320492938347933,1.0,1.1026160050139489,1.0,1.0
2026-08-19,1.12303152087069,1.0,,1.0,1.0
2026-08-24,0.07320492938347933,1.0,-0.5740337150030801,1.0,1.0
2026-08-26,1.3257391365099938,0.4520743241627476,-0.5300013046264902,0.07212965800858301,3.0
2026-08-27,1.8278803919430866,1.0,-0.563499972198896,1.0,1.0
2026-08-28,0.08014299753943416,1.350771284751538,-0.38514899169954275,0.17812209494706754,4.0
2026-08-29,0.07320492938347933,1.0,-0.5740337150030801,1.0,1.0
2026-08-30,0.6671727796638676,0.9599518043784601,1.084107093173882,2.9201584245581054,3.0
2026-09-05,0.8911835150057034,1.0,-0.38469033482731274,1.0,1.0
2026-09-07,0.5051453074419747,1.0,1.1632619295725788,1.0,1.0
2026-09-08,0.7082453855805477,1.0,-0.5129790996145802,1.0,1.0
