,phrase,label,sentiment,subjectivity,language,count
Berlin,,,,,,
Glatteis,,,,,,
Deutschland,,,,,,
Brandenburg,,,,,,
Bayern,,,,,,
Hessen,,,,,,
Deutschlands,,,,,,
Hamburg,,,,,,
Schnee,,,,,,
Niedersachsen,,,,,,
Alpen,,,,,,
USA,,,,,,
Sachsen,,,,,,
NRW,,,,,,
Rheinland-Pfalz,,,,,,
Thüringen,,,,,,
…,,,,,,
Österreich,,,,,,
Bremen,,,,,,
Nordrhein-Westfalen,,,,,,
Saarland,,,,,,
Sachsen-Anhalt,,,,,,
Mecklenburg-Vorpommern,,,,,,
Baden-Württemberg,,,,,,
Streusalz,,,,,,
Harz,,,,,,
Bayerns,,,,,,
Offenbach,,,,,,
Unfälle,,,,,,
München,,,,,,
Bergen,,,,,,
“,,,,,,
Eisregen,,,,,,
Landes,,,,,,
New York,,,,,,
Schleswig-Holstein,,,,,,
den USA,,,,,,
Erzgebirge,,,,,,
Mount Everest,,,,,,
Berlins,,,,,,
Wien,,,,,,
Freistaat,,,,,,
Steiermark,,,,,,
Stadt,,,,,,
Tirol,,,,,,
Flughafen BER,,,,,,
Regen,,,,,,
Niedersachsens,,,,,,
Hannover,,,,,,
Dresden,,,,,,
Kaltfront,,,,,,
Unfällen,,,,,,
Potsdam,,,,,,
Nässe,,,,,,
Wochenmitte,,,,,,
MV,,,,,,
BVG,,,,,,
Stuttgart,,,,,,
Schneeschauer,,,,,,
A3,,,,,,
Schweiz,,,,,,
Sauerland,,,,,,
Gehwegen,,,,,,
Leipzig,,,,,,
Glatteisgefahr,,,,,,
Dauereinsatz,,,,,,
lsw,,,,,,
Frankfurt,,,,,,
Meteorologen,,,,,,
Schneesturm,,,,,,
Notstand,,,,,,
Winterwetter,,,,,,
Schwarzwald,,,,,,
Frost,,,,,,
Österreichs,,,,,,
Staus,,,,,,
Skigebiete,,,,,,
sn,,,,,,
Sachsens,,,,,,
Russland,,,,,,
Flughafen,,,,,,
Frankreich,,,,,,
Einschränkungen,,,,,,
Glatteis-Gefahr,,,,,,
Salzburg,,,,,,
Niederösterreich,,,,,,
Vorarlberg,,,,,,
Japan,,,,,,
Brandenburgs,,,,,,
Europa,,,,,,
A7,,,,,,
Sölden,,,,,,
Temperaturen,,,,,,
Mittelgebirge,,,,,,
Thüringens,,,,,,
Norddeutschland,,,,,,
Wintereinbruch,,,,,,
Ludwigsburg,,,,,,
Sturmböen,,,,,,
Italien,,,,,,
Feldberg,,,,,,
Oberwiesenthal,,,,,,
Thüringer Wald,,,,,,
Frankfurter Flughafen,,,,,,
Hessens,,,,,,
Ostsee,,,,,,
Ukraine,,,,,,
Kamtschatka,,,,,,
Saale,,,,,,
Kuba,,,,,,
Burgenland,,,,,,
Schneemassen,,,,,,
Orkanböen,,,,,,
Nebel,,,,,,
Schneetreiben,,,,,,
Neuschnee,,,,,,
Florida,,,,,,
Halle,,,,,,
Südtirol,,,,,,
Baden-Württembergs,,,,,,
Winterchaos,,,,,,
Franken,,,,,,
Vorpommern,,,,,,
Erfurt,,,,,,
Würzburg,,,,,,
Oberpfalz,,,,,,
Wiesbaden,,,,,,
Glätte,,,,,,
Céüze,,,,,,
Schüssen,,,,,,
Münchner Flughafen,,,,,,
Tag,,,,,,
Warnungen,,,,,,
Winter-Chaos,,,,,,
Schneeverwehungen,,,,,,
Unterfranken,,,,,,
Wasserkuppe,,,,,,
Osnabrück,,,,,,
Hauptstadtflughafen BER,,,,,,
Kommunen,,,,,,
Oberösterreich,,,,,,
Morgenstunden,,,,,,
Böen,,,,,,
Portillo,,,,,,
Niederbayern,,,,,,
gefrierenden Regen,,,,,,
Regensburg,,,,,,
Mittelgebirgen,,,,,,
Köln,,,,,,
Mittelhessen,,,,,,
Hamburgs,,,,,,
Winterdienste,,,,,,
Verkehrsbehinderungen,,,,,,
Allgäu,,,,,,
Europas,,,,,,
China,,,,,,
Fichtelberg,,,,,,
Müllabfuhr,,,,,,
Kärnten,,,,,,
Flughafen München,,,,,,
Wochenende,,,,,,
Mainz,,,,,,
lrs,,,,,,
Flughafen Wien,,,,,,
A10,,,,,,
Rosenmontag,,,,,,
Warnstreiktag,,,,,,
Ibiza,,,,,,
Lawinenabgängen,,,,,,
A9,,,,,,
Willingen,,,,,,
Wetter-Vorhersage,,,,,,
Seevetal,,,,,,
Dauerregen,,,,,,
Griechenland,,,,,,
Mittelfranken,,,,,,
Oberbayern,,,,,,
Schneeflocken,,,,,,
Pizzo Bernina,,,,,,
Silvesternacht,,,,,,
Sturm,,,,,,
Rhein-Main,,,,,,
Minusgrade,,,,,,
Dauerfrost,,,,,,
Lawinengefahr,,,,,,
Erde,,,,,,
Brocken,,,,,,
Dienstag,,,,,,
Ostdeutschlands,,,,,,
Arlberg,,,,,,
bayerischen Alpen,,,,,,
Unfallkrankenhaus,,,,,,
Ostfriesland,,,,,,
Braunschweig,,,,,,
Ausfälle,,,,,,
"Sturmtief ""Elli",,,,,,
Schulausfälle,,,,,,
Kalifornien,,,,,,
Oberallgäu,,,,,,
Schneechaos,,,,,,
Thüringer,,,,,,
Pongau,,,,,,
A1,,,,,,
Sprühregen,,,,,,
Süddeutschland,,,,,,
Schneeregen,,,,,,
Nürnberg,,,,,,
Großeinsatz,,,,,,
Anmarsch,,,,,,
Mitteldeutschland,,,,,,
New Mexico,,,,,,
Haus,,,,,,
North Carolina,,,,,,
Schneegriesel,,,,,,
Trab,,,,,,
New Yorks,,,,,,
Berliner Gehwegen,,,,,,
Amsterdam,,,,,,
Köhlbrandbrücke,,,,,,
Tierpark Nordhorn,,,,,,
Nepal,,,,,,
Glätteunfällen,,,,,,
Berliner Flughafen,,,,,,
Gleichenberger Bahn,,,,,,
Straßenmeistereien,,,,,,
Maschsee,,,,,,
Mecklenburg-Vorpommerns,,,,,,
Sachsen-Anhalts,,,,,,
Ostküste,,,,,,
Landkreis Stendal,,,,,,
Blitzeis,,,,,,
Hitze,,,,,,
Schneelast,,,,,,
Brand,,,,,,
Rutschpartien,,,,,,
Himalaya,,,,,,
Tausalz,,,,,,
Sturmwarnungen,,,,,,
Oberharz,,,,,,
Region Hannover,,,,,,
Autobahn 27,,,,,,
Emsland,,,,,,
Washington,,,,,,
Hawaii,,,,,,
d…,,,,,,
Hauptstadt,,,,,,
Sonne am Tag,,,,,,
Hochkar,,,,,,
Dänemark,,,,,,
Nordrhein-Westfalens,,,,,,
Bombenzyklon,,,,,,
Wintersturm,,,,,,
Land…,,,,,,
A6,,,,,,
South Carolina,,,,,,
Düsseldorf,,,,,,
A93,,,,,,
Süddeutschlands,,,,,,
Krankenhäuser,,,,,,
Südschwarzwald,,,,,,
Gefrierender Regen,,,,,,
b…,,,,,,
Savoyen,,,,,,
Braunlage,,,,,,
Schwäbischen Alb,,,,,,
Glättegefahr,,,,,,
Bergland Schnee,,,,,,
Schnees,,,,,,
Elbe,,,,,,
Schleswig-Holsteins,,,,,,
Klagenfurt,,,,,,
Ostsachsen,,,,,,
Osterferien,,,,,,
Sch…,,,,,,
Rhein-Main-Liveblog,,,,,,
Lawinenwarndienste,,,,,,
Sturmtief «Elli,,,,,,
Hessen Offenbach,,,,,,
Hannover/Bremen,,,,,,
milder,,,,,,
Wendland,,,,,,
Ostbayern,,,,,,
Bregenz,,,,,,
Lackenhof,,,,,,
Frostschäden,,,,,,
Karibik,,,,,,
Jänner,,,,,,
Himalaya-Region,,,,,,
Tibet,,,,,,
Osthangs,,,,,,
Wilhelmshaven,,,,,,
Salzburgs,,,,,,
Italiens,,,,,,
Weihnachten,,,,,,
U-Bahnen,,,,,,
Sonnenschein,,,,,,
Republik,,,,,,
Semmering,,,,,,
Olympia,,,,,,
Mailand,,,,,,
Zauchensee,,,,,,
Untersberg,,,,,,
Stromausfällen,,,,,,
Bussen,,,,,,
Innsbruck,,,,,,
Hochlagen,,,,,,
Erbeskopf,,,,,,
Lausitz,,,,,,
Vorarlberger,,,,,,
Oberkärnten,,,,,,
Hessens Berge,,,,,,
Metern Seehöhe,,,,,,
Hessens Bergen,,,,,,
A5,,,,,,
Schneematsch,,,,,,
Bergland,,,,,,
Teneriffa,,,,,,
Winters,,,,,,
Föhn,,,,,,
Meppen,,,,,,
Oberschwaben,,,,,,
New York City,,,,,,
Autobahn 93,,,,,,
Salzburger,,,,,,
Berliner Straßenbahn-Verkehr,,,,,,
Frühlingsgefühle,,,,,,
Schwaben,,,,,,
Berliner Verkehrsbetriebe,,,,,,
Bayreuth,,,,,,
Tiroler,,,,,,
Ostküstenmetropole New York,,,,,,
Gießen,,,,,,
Oberhof,,,,,,
Reutlingen,,,,,,
Verspätungen,,,,,,
Zermatt,,,,,,
Autobahn 7,,,,,,
Russlands,,,,,,
Wetter-Gott,,,,,,
Rhein,,,,,,
Bodennähe,,,,,,
Hildesheim,,,,,,
Ostdeutschland,,,,,,
Gl…,,,,,,
Privacy Center,,,,,,
Spanien,,,,,,
lhe,,,,,,
Schwechat,,,,,,
Freistaat Winterwetter,,,,,,
Berghütte Marco,,,,,,
Lombardei,,,,,,
Ettlingen,,,,,,
A21,,,,,,
Rutschbahnen,,,,,,
Rodelspaß,,,,,,
Bodensee,,,,,,
Argentinien,,,,,,
New Jersey,,,,,,
Kärntner,,,,,,
Portal Flightaware,,,,,,
Startlöchern,,,,,,
Autobahn 1,,,,,,
North,,,,,,
Präsenzpflicht,,,,,,
Hause,,,,,,
Hochschwarzwald,,,,,,
Rutschbahn,,,,,,
Nord-,,,,,,
Massenkarambolagen,,,,,,
Vereinigten Staaten,,,,,,
Anden,,,,,,
Flugausfälle,,,,,,
Sonntag Glatteis,,,,,,
Küste,,,,,,
Elli,,,,,,
Schlaglöcher,,,,,,
Pinzgau,,,,,,
Umweltgründen,,,,,,
Nordsee,,,,,,
Westchinas,,,,,,
Hochkönig,,,,,,
Olympiapark,,,,,,
Razzia,,,,,,
Alpenrand,,,,,,
Spätherbst,,,,,,
St. Anton,,,,,,
El Hierro,,,,,,
Kassel,,,,,,
Maxhütte-Haidhof,,,,,,
Nordbayern,,,,,,
Oder,,,,,,
Ostseeküste,,,,,,
Walsrode,,,,,,
Salzburger Land,,,,,,
Tauwetter,,,,,,
Schneeberge,,,,,,
Landkreis Osnabrück,,,,,,
Stürmische Böen,,,,,,
Georgia,,,,,,
La Plagne,,,,,,
Berliner Abgeordnetenhaus,,,,,,
lby,,,,,,
Kentucky,,,,,,
Leverkusen,,,,,,
Dec,,,,,,
Ostwestfalen-Lippe,,,,,,
Winterdienst,,,,,,
Berlin-Brandenburg,,,,,,
Samstagfrüh,,,,,,
Prognosen,,,,,,
D…,,,,,,
Cortina,,,,,,
Glatteis-Alarm,,,,,,
Magdeburg,,,,,,
Torfhaus,,,,,,
Windböen,,,,,,
Landesteilen,,,,,,
Flughafen Berlin-Brandenburg,,,,,,
Nabu,,,,,,
Jena,,,,,,
Was,,,,,,
Ostereiern am Sonntag,,,,,,
FDP-Chef,,,,,,
Rostock,,,,,,
Sa…,,,,,,
Landkreis Peine,,,,,,
Glatteis am Morgen,,,,,,
Newsblog,,,,,,
Afghanistan,,,,,,
Essen,,,,,,
Landkreis Heidenheim,,,,,,
Ulm,,,,,,
Hansestadt,,,,,,
Los Angeles,,,,,,
Duisburg,,,,,,
Hamburger S-Bahn,,,,,,
Temperaturunterschiede,,,,,,
Untermain,,,,,,
Engelberg,,,,,,
Gewitter,,,,,,
Wiener Flughafen,,,,,,
Polizeiangaben,,,,,,
Autobahn 9,,,,,,
Frankens,,,,,,
Potsdamer Platz,,,,,,
Hinterzarten,,,,,,
Schneeglätte,,,,,,
Brandenburgs Straßenmeistereien,,,,,,
Kanarischen Inseln,,,,,,
Flughafen Berlin Brandenburg,,,,,,
Oberösterreichs,,,,,,
Balkon,,,,,,
Kalter Morgen,,,,,,
Präsenzunterricht,,,,,,
Furx,,,,,,
Schulausfällen,,,,,,
Linz,,,,,,
Greifswald,,,,,,
Bezirk Scheibbs,,,,,,
Lawinen,,,,,,
Winterferien,,,,,,
La Palma,,,,,,
La Gomera,,,,,,
Westautobahn,,,,,,
gefrierender Regen,,,,,,
A2,,,,,,
Hof,,,,,,
Verkehrsteilnehmende,,,,,,
Halle (Saale,,,,,,
Fahrbahn,,,,,,
Goch,,,,,,
Blechschäden,,,,,,
Straße,,,,,,
Bormio,,,,,,
Lawinenkatastrophe,,,,,,
Bezirk Liezen,,,,,,
Land,,,,,,
Bürserberg,,,,,,
Straßensperren,,,,,,
Polen,,,,,,
Glatteis-Unfällen,,,,,,
Glätte-Unfälle,,,,,,
Bezirk Neunkirchen,,,,,,
Landes…,,,,,,
Schneefall,,,,,,
Extremwetter,,,,,,
Winter-Wetter,,,,,,
Schnee-Chaos,,,,,,
TTS-Player,,,,,,
Winterwunderland,,,,,,
Notfälle,,,,,,
Abhang,,,,,,
Oberfranken,,,,,,
Volleinsatz,,,,,,
Zwergberg,,,,,,
Mützen,,,,,,
Vogtland,,,,,,
Wetter-Mix,,,,,,
Alpenstraße,,,,,,
Sonnenbad,,,,,,
Aprilwetter,,,,,,
Schneekanonen,,,,,,
Pariser,,,,,,
Schmitten,,,,,,
Zugausfälle,,,,,,
Starkregen,,,,,,
lnw,,,,,,
Donau,,,,,,
Samstagmorgen,,,,,,
Hauser Kaibling,,,,,,
Formentera,,,,,,
Graz,,,,,,
Vorarlbergs,,,,,,
Los Penitentes,,,,,,
Oldenburg,,,,,,
Inf…,,,,,,
Afrika,,,,,,
Chile,,,,,,
Nacht am Berg,,,,,,
Tiroler Bergen,,,,,,
Wintersaison,,,,,,
Potsdam/Berlin,,,,,,
Kanada,,,,,,
Feuchtsalz,,,,,,
Berchtesgaden,,,,,,
Wintermodus,,,,,,
Taunus,,,,,,
Turnschuhen,,,,,,
Landes Schnee,,,,,,
Rettungsdienste,,,,,,
Tür,,,,,,
Chinas,,,,,,
Mallnitz,,,,,,
Basislager,,,,,,
Schmutz,,,,,,
Rettung am Reinersberg,,,,,,
Kernelement,,,,,,
Wetterwoche,,,,,,
Friedrichshain,,,,,,
Provinz Qinghai,,,,,,
Schnee-Drama,,,,,,
Gartenliebhaber,,,,,,
T…,,,,,,
Rheinland,,,,,,
Bietigheim-Bissingen,,,,,,
Peking,,,,,,
Rettungsaktion,,,,,,
Glatteis-Unfälle,,,,,,
West-Nordwest,,,,,,
Dreikönigstag,,,,,,
Schneeschippen,,,,,,
Nordseehäfen,,,,,,
Klimaforscher Mojib Latif,,,,,,
Beifahrer,,,,,,
Titisee-Neustadt,,,,,,
Kälte,,,,,,
B…,,,,,,
L…,,,,,,
Tiroler Alpen,,,,,,
Predazzo,,,,,,
Saisonbeginn,,,,,,
Terminalbetreiber Eurogate,,,,,,
Bahn-Pendler,,,,,,
Montag Hamburg,,,,,,
Berchtesgadener Land,,,,,,
Verkehrschaos,,,,,,
Großbritannien,,,,,,
Gemeinde,,,,,,
Bezirksämter,,,,,,
Paris,,,,,,
Schneematsch-Wetter,,,,,,
Tirols,,,,,,
Landkreis Harburg,,,,,,
Schäden,,,,,,
Gemeinde Seevetal,,,,,,
Hövelhof,,,,,,
Zalando,,,,,,
Bremerhaven,,,,,,
Bremer,,,,,,
Verkehrsbetriebe,,,,,,
Unterrichtsausfall,,,,,,
Miniatur-Wunderland-Gründer,,,,,,
lni,,,,,,
Panbari,,,,,,
Schweizer Alpen,,,,,,
Bezirk Schwaz,,,,,,
Davos,,,,,,
Ostwind,,,,,,
Beeinträchtigungen,,,,,,
Alpenraum,,,,,,
Odenwald,,,,,,
e…,,,,,,
Innenschau,,,,,,
Landkreis Hameln-Pyrmont Mülltonnen,,,,,,
Rhein-Main-Gebiet,,,,,,
Wetter-Chaos,,,,,,
Autobahn 3,,,,,,
europäischen Ländern,,,,,,
Ost…,,,,,,
Unfälle</li><li,,,,,,
Long Island,,,,,,
Kaltfront Brandenburg,,,,,,
Tiefdruckeinfluss,,,,,,
Laderaum,,,,,,
Südbayern,,,,,,
Ermäßigungen,,,,,,
Sauerlands,,,,,,
Te…,,,,,,
US-Städte,,,,,,
’s,,,,,,
Lhotse,,,,,,
Plätzchen,,,,,,
türkisblaues Meer,,,,,,
New York Schnee,,,,,,
Silbersattel,,,,,,
Niederschläge,,,,,,
Freien Nehmer-Qualitäten,,,,,,
Deu…,,,,,,
Dolomiten,,,,,,
Unstrut,,,,,,
Buëch-Dévoluy,,,,,,
Spaniens,,,,,,
Rekordkälte an der Ostküste,,,,,,
Dokumentationen,,,,,,
Schockstarre,,,,,,
Pyrenäen,,,,,,
US-Bundesstaat Kalifornien,,,,,,
feucht-kühl,,,,,,
Barentssee,,,,,,
New Yorker,,,,,,
Verkehrseinschränkungen,,,,,,
Parks,,,,,,
Garten,,,,,,
Lawinenabgängen in Tirol,,,,,,
Schnee-Spaß,,,,,,
Amsterdamer Flughafen Schiphol,,,,,,
Flughafen Schiphol,,,,,,
Niederlande,,,,,,
Bahnen,,,,,,
Kürten,,,,,,
Kärntens,,,,,,
Wettertechnisch,,,,,,
Sturmflut,,,,,,
Rekordhöhe,,,,,,
Nebenflüssen,,,,,,
Park Sanssouci,,,,,,
Vorwoche,,,,,,
Warschau,,,,,,
Komfort,,,,,,
Antholz,,,,,,
Bezirk Landeck,,,,,,
Ischgl,,,,,,
Kopenhagen,,,,,,
Wettermodelle,,,,,,
West,,,,,,
Slowenien,,,,,,
Amerikaner,,,,,,
Blizzard-Warnungen,,,,,,
Skibetrieb,,,,,,
Aschaffenburg,,,,,,
Alpenostrandes,,,,,,
Kreis Pinneberg,,,,,,
Winterjacke,,,,,,
North Carolina Schnee,,,,,,
Berghütte,,,,,,
Fahrbahndecke,,,,,,
Kreis Leer – Autobahn,,,,,,
Speisesalz,,,,,,
Stadt Halle,,,,,,
Zentrum der USA,,,,,,
Sturmböen“,,,,,,
Streusalz-Verbotes,,,,,,
Bundesrepublik,,,,,,
Glatteis-Unfall,,,,,,
NRWs,,,,,,
Virginia,,,,,,
Tennessee,,,,,,
NRW-Straßen,,,,,,
Ri,,,,,,
Eisglätte,,,,,,
Glatteis-Lage,,,,,,
Moskau,,,,,,
Hoch Sieglinde,,,,,,
Frankfurter Airport,,,,,,
Südosteuropa,,,,,,
Berlin/Potsdam,,,,,,
Schneefällen,,,,,,
Provinz Matanzas,,,,,,
Flughafen Frankfurt,,,,,,
Autobahn 42,,,,,,
Deutschlands am Morgen,,,,,,
Tiefrekorde,,,,,,
Nordens,,,,,,
Matsch,,,,,,
Energiedienstleisters Techem,,,,,,
Landkreis Grafschaft Bentheim,,,,,,
schnuppern am Frühling,,,,,,
Extremsturm,,,,,,
Dienstag schneit,,,,,,
Semesterferien,,,,,,
Trams,,,,,,
Regional,,,,,,
Everest,,,,,,
Stromschienen,,,,,,
Oberleitungen,,,,,,
Volles Haus,,,,,,
Kliniken,,,,,,
Todesursachen,,,,,,
Rhein-Main-Gebiet Regen,,,,,,
Berchtesgadener Alpen,,,,,,
Wintertief,,,,,,
Schneefälle,,,,,,
Marburg,,,,,,
Nachbarn,,,,,,
Vuelta,,,,,,
Lifte,,,,,,
Landkreisen,,,,,,
Jahren,,,,,,
Flughafen Stuttgart,,,,,,
Hochgebirge,,,,,,
Ostwestfalen,,,,,,
Berli,,,,,,
Eis,,,,,,
Heilbronn,,,,,,
Landkreis Wittenberg,,,,,,
Tram,,,,,,
US-Bundesstaaten,,,,,,
Stromausfälle,,,,,,
Rhön,,,,,,
"Schneesturm ""Elli",,,,,,
Ambulanzen,,,,,,
Chemnitz,,,,,,
Bayerischen Wald,,,,,,
Friesland,,,,,,
Schneeräume,,,,,,
Crans-Montana,,,,,,
Wind,,,,,,
Kyjiw,,,,,,
Portillo im Schnee,,,,,,
Distanzunterricht,,,,,,
Walliser,,,,,,
trüb,,,,,,
Streusalz-Alternativen,,,,,,
Gewittern,,,,,,
Brite,,,,,,
Weerberg,,,,,,
St. Anton am Arlberg,,,,,,
Kreis Leer,,,,,,
Regierungsparteien,,,,,,
Zugreisende,,,,,,
Hitzerekorde,,,,,,
Landeshälfte,,,,,,
Neusiedler Sees,,,,,,
Pinneberg,,,,,,
Eisblöcke,,,,,,
Karnevals-Höhepunkt,,,,,,
Flensburg,,,,,,
Salzverbotes w…,,,,,,
Achim,,,,,,
Vierbeiner,,,,,,
St…,,,,,,
Wintersportfans,,,,,,
Feuerwehren,,,,,,
Trümmerfelder,,,,,,
Schneefallgrenze,,,,,,
Graupel,,,,,,
Atlantikküste,,,,,,
Land Brandenburg,,,,,,
Dachlawinen,,,,,,
Mauerbach,,,,,,
Elbtunnel,,,,,,
Airport Wien,,,,,,
Lesotho,,,,,,
Winterwetters,,,,,,
Landkreis Ludwigslust-Parchim,,,,,,
Morgen,,,,,,
Nordseeküste,,,,,,
Steinhuder Meer,,,,,,
Berliner Airport,,,,,,
Nordmeer,,,,,,
Autobahn A7,,,,,,
Friedhofsareale,,,,,,
Landkreis Rose…,,,,,,
Milliardenhöhe,,,,,,
Kiefersfelden,,,,,,
Urlauber,,,,,,
Nassfeld,,,,,,
Kiel,,,,,,
Katschberg,,,,,,
Schwerin,,,,,,
Rugby-Länderspiel,,,,,,
Dessau,,,,,,
Freistaats,,,,,,
Duell am Berg,,,,,,
Frankfurt/Main,,,,,,
na…,,,,,,
Wetterlage,,,,,,
A4,,,,,,
st…,,,,,,
Verkehrsbetrieben BVG,,,,,,
Lösungen,,,,,,
Kurzes Wintergastspiel,,,,,,
Courchevel,,,,,,
Wohnmobil,,,,,,
Wal-Drama,,,,,,
Ostereier,,,,,,
Nordtirol,,,,,,
Nachtfröste,,,,,,
Streumittel,,,,,,
F…,,,,,,
Frankfurt am Main,,,,,,
Glätte-Alarm,,,,,,
Niederlausitz,,,,,,
Befürchtetes Glättechaos,,,,,,
Schwalm-Eder-Kreis,,,,,,
Norwegens,,,,,,
Bad Hersfeld West,,,,,,
Weihnachtsfilmen,,,,,,
Orthopäden,,,,,,
Hobbygärtner,,,,,,
Bundesstraße 31,,,,,,
Verkehrsproblemen,,,,,,
Loser,,,,,,
Annaberg,,,,,,
Winterwochenende,,,,,,
Weißröckchen,,,,,,
Schneeflöckchen,,,,,,
Frost-Tau-Wechsel,,,,,,
Tübingen,,,,,,
Schauer,,,,,,
Kreis Kusel,,,,,,
Ski-Saison,,,,,,
Tschechien,,,,,,
Land Salzburg,,,,,,
Unfallchirurgen,,,,,,
Brandenburgs Winterdienst,,,,,,
Efze,,,,,,
Homberg,,,,,,
Eiskratzer,,,,,,
Markgräfler Land,,,,,,
Minnesota,,,,,,
Strahlende Wintersonne,,,,,,
Eibenstock,,,,,,
Planai,,,,,,
Ostereiern,,,,,,
Hohen Ferse,,,,,,
Metern,,,,,,
stürmische Böen,,,,,,
Bauernregeln,,,,,,
Hochrhein,,,,,,
Glatteises,,,,,,
au…,,,,,,
Freitagvormittag,,,,,,
Nieselregen,,,,,,
Glättechaos,,,,,,
Badain-Jaran-Wüste,,,,,,
Reich von Russlands,,,,,,
Magnolien,,,,,,
Nordchina,,,,,,
aufgeblitzt,,,,,,
Hattersheim,,,,,,
Thüringer Obstbauern,,,,,,
Wintermontur,,,,,,
Dicke Jacke,,,,,,
Tösens,,,,,,
Vollbetrieb,,,,,,
Kaltfront Deutschland,,,,,,
Sicherheitsgründen,,,,,,
Industriechemikalien,,,,,,
Oberlausitz,,,,,,
italienischen Alpen,,,,,,
Sony Center,,,,,,
Cuxhaven,,,,,,
Jahrzehnten,,,,,,
Nieder-,,,,,,
Chancen,,,,,,
Neckargemünd,,,,,,
Hochhäderich,,,,,,
Waldgrenze,,,,,,
B311,,,,,,
Jilin,,,,,,
ZEIT am Wochenende,,,,,,
Minusbereich,,,,,,
Alb,,,,,,
Schneefahrbahn,,,,,,
Saalfelden,,,,,,
Barth,,,,,,
Reits…,,,,,,
Grazer Bergland,,,,,,
Feiertagen,,,,,,
Augentest,,,,,,
St. Gerold,,,,,,
Sonntagnachmittag,,,,,,
Eisregen-Walze,,,,,,
Sulzberg,,,,,,
Obstbauern,,,,,,
Celsius,,,,,,
Skigebieten,,,,,,
Weiße Weihnachten,,,,,,
Ranstadt,,,,,,
Reiteralm,,,,,,
Thüringer Skigebieten,,,,,,
Schauern,,,,,,
Kreis Breisgau-Hochschwarzwald,,,,,,
Neusiedler See,,,,,,
Kusel,,,,,,
Bezirk Oberwart,,,,,,
Garmisch-Partenkirchen,,,,,,
Tauernautobahn,,,,,,
Bayern-Wetter,,,,,,
Frankfurter Messe,,,,,,
Schulgesetz,,,,,,
Friedrich-Ebert-Anlage,,,,,,
Regenschauer,,,,,,
Uber Arena,,,,,,
Donnerstag,,,,,,
Herbststurm,,,,,,
Gelnhausen,,,,,,
Orkanartige Böen,,,,,,
Freistaat Wind,,,,,,
Kultfilms,,,,,,
Ost-,,,,,,
Fuldatal,,,,,,
Herbstferien,,,,,,
Zermatter Bergbahnen,,,,,,
Mittelmeerraum,,,,,,
Oberrheingraben,,,,,,
Nächtigungszahlen,,,,,,
Gletscher,,,,,,
der Schweiz,,,,,,
Skireisen,,,,,,
Herr Ebel,,,,,,
Hochpreis-Image,,,,,,
Ober…,,,,,,
Raps,,,,,,
Frankfurt-Spiel,,,,,,
Wintersportzentren Altenberg,,,,,,
Groß Offenseth-Aspern,,,,,,
Eis in der Karibik,,,,,,
Slush-Eis,,,,,,
Donnerstagmorgen,,,,,,
Temperaturunterschiede Glätte,,,,,,
Nabu Berlin,,,,,,
Not-Winterdienst,,,,,,
Stürze,,,,,,
Bad Kleinkirchheim,,,,,,
GPS,,,,,,
Vorpommern-Greifswald,,,,,,
pfui,,,,,,
Aßlar,,,,,,
trop…,,,,,,
Flachgau,,,,,,
Leitplanken,,,,,,
Eisparty,,,,,,
Dresden/Hoyerswerda/Görlitz,,,,,,
Schnaken,,,,,,
Gaißauer Erdbeerbauer,,,,,,
Theodulgletscher,,,,,,
Urlaubsinsel,,,,,,
Karibik-Insel,,,,,,
Regen-Dauerschleife,,,,,,
Sommerreifen-Fahrer crasht,,,,,,
Wintersaisonen,,,,,,
Gerlitzen,,,,,,
Flughafen Berlin,,,,,,
Sturmtief,,,,,,
Streusalz-Krimi,,,,,,
Sommerreifen,,,,,,
"Flughafen
 ",,,,,,
Kolumbien,,,,,,
Schwimmhalle,,,,,,
Brandenburg der Morgen,,,,,,
Koalitionskreisen,,,,,,
Wildtieren,,,,,,
Sachsens Streusalz-Vorräte,,,,,,
Schwarzwalds,,,,,,
Schloss Wackerbarth,,,,,,
Butzli,,,,,,
Landebahn,,,,,,
Eisregen-Pause,,,,,,
Hauptstadt-Flughafen BER ,,,,,,
enteist,,,,,,
Berliner Verwaltungsgericht,,,,,,
Naturschutzbunds,,,,,,
Stadt Salzburg,,,,,,
Straßendienstverantwortlichen,,,,,,
Furggeli,,,,,,
Fenstern,,,,,,
Gummen,,,,,,
Großen Walser…,,,,,,
Streusalz-Verbot,,,,,,
Vielreisenden,,,,,,
Sport-Event,,,,,,
Meter-Grenze,,,,,,
Sommerfüßen,,,,,,
Sturmschäden,,,,,,
Bahnhöfen,,,,,,
Echtzeit,,,,,,
Breisgau,,,,,,
Besucherinnen,,,,,,
Landkreis Brei…,,,,,,
Oststeiermark,,,,,,
Hauptstadtflughafen Berlin-Brandenburg,,,,,,
Flughafen Berlin BER,,,,,,
Schwarzwald-Orten,,,,,,
Offenbach/Berlin,,,,,,
Fulda,,,,,,
Faistenau,,,,,,
Rotenburg,,,,,,
Mönichkirchen,,,,,,
Autobahn 10,,,,,,
Marillen,,,,,,
Not,,,,,,
gerut…,,,,,,
Bundeslands,,,,,,
Sommergäste,,,,,,
Taxenbach,,,,,,
Schwan,,,,,,
Hohen Peißenberg,,,,,,
Gefahrenzone,,,,,,
Región de Valparaíso,,,,,,
Spree,,,,,,
Wetterdienst,,,,,,
Handkes,,,,,,
Fahrrad-Sturz,,,,,,
Löwenzahn,,,,,,
Tempelhof-Schöneberg,,,,,,
Obsthofs Horn…,,,,,,
Neukölln,,,,,,
Portugal,,,,,,
Grazer Schöckl,,,,,,
Prinzip,,,,,,
Störche,,,,,,
Schneeheiligen,,,,,,
weiterlesenEs,,,,,,
Weiße Wüste,,,,,,
halbe Republik,,,,,,
Pinguine,,,,,,
Nürnberger Land,,,,,,
Kremmen/Potsdam,,,,,,
Osternohe,,,,,,
oberfränkischen Muggendorf,,,,,,
Kanarische Inseln,,,,,,
Bad Gastein,,,,,,
Schweden,,,,,,
Bad Hofgastein,,,,,,
Schnee-Freuden,,,,,,
Haus nic…,,,,,,
Reichweite,,,,,,
Kleinwalsertal,,,,,,
Stausee Mooserboden,,,,,,
Eisbach,,,,,,
Tretboote,,,,,,
abgedeckter Fischerkahn,,,,,,
Schwarz-Rot,,,,,,
North …,,,,,,
Südflorida,,,,,,
BraunschweigVienenburgGoslar/Bad Harzburg,,,,,,
Bundeskabinett,,,,,,
Gnas,,,,,,
chars,,,,,,
Kapruner Tal,,,,,,
Feldbach,,,,,,
Stromausfall,,,,,,
abtrocknenden,,,,,,
Dschungelexpress,,,,,,
Tram-Verkehr,,,,,,
Tram-Fahrten,,,,,,
Christbaums,,,,,,
Jogginghose,,,,,,
North Caro…,,,,,,
Outdoorverein,,,,,,
S-Bahn,,,,,,
Taumitteln,,,,,,
Landtag,,,,,,
A14,,,,,,
Hinterstoder,,,,,,
Everest-Basislager,,,,,,
Mont Blanc,,,,,,
Wurzeralm,,,,,,
Berliner Straßen,,,,,,
Taumittel,,,,,,
Bereichsfeuerwehrverband Liezen,,,,,,
Kilimandscharo,,,,,,
Obdach,,,,,,
europa,,,,,,
Seilbahnholding,,,,,,
Hohenems,,,,,,
BG Unfallkrankenhaus,,,,,,
Eisregen-Chaos,,,,,,
Salzburgs Bergen,,,,,,
Alpennähe,,,,,,
Spott,,,,,,
Hamburg h…,,,,,,
Branchenvertretern,,,,,,
Mini-Steigeisen,,,,,,
Stöcken,,,,,,
weiterh…,,,,,,
Wegner,,,,,,
sa,,,,,,
A14…,,,,,,
Freerider,,,,,,
Blütenpracht,,,,,,
Liter Urin,,,,,,
Nordwestwind,,,,,,
Frühsommer,,,,,,
Schneeschuhen,,,,,,
Roboter,,,,,,
Sicht,,,,,,
Raunheim,,,,,,
"Flughafen 
",,,,,,
Regenfälle,,,,,,
Stuttgarter Airport,,,,,,
gefr…,,,,,,
U-Bahn,,,,,,
Schnee-Comeback,,,,,,
Nordschwaben,,,,,,
U2,,,,,,
Präfektur Aomori,,,,,,
heuer am Kreischberg,,,,,,
Dienstag mitte…,,,,,,
Todesfälle,,,,,,
bibbert,,,,,,
gefrierender,,,,,,
Idstein,,,,,,
städtischen Gesellschaft Eswe,,,,,,
Linie…,,,,,,
Rivva,,,,,,
Bundesstraßen,,,,,,
Karibikstaat,,,,,,
Rutschpartie,,,,,,
Leichter Schneefall,,,,,,
Thüringer Landeszentral…,,,,,,
B49,,,,,,
Frankfurts Flughafen,,,,,,
Tourblog,,,,,,
Frankfurter Flughafens,,,,,,
restlic…,,,,,,
Becher,,,,,,
Maximaltemperaturen,,,,,,
Unterrichtsausfälle,,,,,,
Lübeck,,,,,,
Temperaturen am Morgen,,,,,,
Haus im Ennstal,,,,,,
Langenlebarn,,,,,,
Herr Thormeyer,,,,,,
Bensheim,,,,,,
Hitzewelle de…,,,,,,
R…,,,,,,
Hitzesommer,,,,,,
Österreichs Alpin-Stars,,,,,,
Ushuaia,,,,,,
Viel Streusalz,,,,,,
Milde Temperaturen und Sonnenschein,,,,,,
Temperaturunterschied,,,,,,
Sc…,,,,,,
Straßenbahn,,,,,,
weiterlesenFont,,,,,,
U-,,,,,,
Gleichenberg,,,,,,
North Carol…,,,,,,
Südtirol/Lombardei,,,,,,
Google-Schwester,,,,,,
Warnstreiks,,,,,,
Alpenrand te,,,,,,
Wiener Alpen,,,,,,
Alpen-Berghütte,,,,,,
Winterdienst-Tour,,,,,,
Roten Rathaus,,,,,,
Baumarkt,,,,,,
Streuen,,,,,,
Homberg/Efze,,,,,,
Elbtal,,,,,,
Konsequenzen,,,,,,
Islands,,,,,,
Schutzhütte,,,,,,
Spiels se…,,,,,,
Papenburg,,,,,,
Wa…,,,,,,
Wolkendecke,,,,,,
Cafés,,,,,,
Tagen,,,,,,
Summe,,,,,,
Jennersdorf,,,,,,
Diablo,,,,,,
Ortes,,,,,,
Kopfsteinpflaster,,,,,,
Güssing,,,,,,
Skovos,,,,,,
noc…,,,,,,
Pirna,,,,,,
Anpassungen,,,,,,
Leitstelle Tirol,,,,,,
Nauders,,,,,,
Frühstunden,,,,,,
Drohnen,,,,,,
Notunterkünften,,,,,,
Dachsteingletscher,,,,,,
Frostperiode,,,,,,
Tesero,,,,,,
Frost-Lich-Nekromant,,,,,,
Hagelstadt,,,,,,
Bay…,,,,,,
Serfaus,,,,,,
Preuß,,,,,,
Äckern,,,,,,
Äste,,,,,,
Harzer Skigebiete,,,,,,
Wermutstropfen,,,,,,
Straßengräben,,,,,,
Sessellif…,,,,,,
Lackenhof am Ötscher,,,,,,
Schierke,,,,,,
Nordsachsen…,,,,,,
Wetterausblick,,,,,,
Landkreis Regensburg,,,,,,
Pause,,,,,,
Pause“,,,,,,
schneeglatten,,,,,,
Toter bei Räumungseinsatz,,,,,,
Bergungsarbeiten,,,,,,
Biberwier,,,,,,
Bezirk Bruck an der Leitha,,,,,,
bibberkalt,,,,,,
Tiroler Berge,,,,,,
Allgäuer Alpen,,,,,,
Kachelmann,,,,,,
Nassereith,,,,,,
bayerischen Grenze,,,,,,
Offenbach mittei…,,,,,,
Südhälfte Deutschlands,,,,,,
Protesten,,,,,,
Außerfern,,,,,,
B179,,,,,,
Fernpassstraße,,,,,,
Landkreis Würzburg,,,,,,
Aalen/Freiburg/Offenburg,,,,,,
Garten-Genießern,,,,,,
Alland,,,,,,
Donnerstagabends,,,,,,
Bergsteiger,,,,,,
Wiener Außenring Autobahn,,,,,,
Winter-Knall,,,,,,
Wetterwechsel,,,,,,
Sonnentagen,,,,,,
Wint…,,,,,,
Stadt Augsburg,,,,,,
Hallenbad Haunstetten,,,,,,
Spickelbad,,,,,,
Augsburg,,,,,,
Schockvideo,,,,,,
Lungau,,,,,,
Schneechaos in Wien,,,,,,
Früh,,,,,,
Flughafen Wien-Schwechat,,,,,,
Freitagfrüh,,,,,,
Gef…,,,,,,
Hamburg-Berlin,,,,,,
Lake Tahoe,,,,,,
Würzburg/Kitzingen,,,,,,
Teppichen,,,,,,
Streusalzverbot,,,,,,
Glatteis-Chaos,,,,,,
Ötscher,,,,,,
Puchberg am Schneeberg,,,,,,
Regenjacke,,,,,,
Lienz,,,,,,
Freibadsaison,,,,,,
Böden,,,,,,
Urlaubsparadies Ko Samui,,,,,,
Strandbad,,,,,,
Geschlägertes Holz,,,,,,
Prüfstand,,,,,,
Sägewerke,,,,,,
Schuhen,,,,,,
Baubranche,,,,,,
Tanktops,,,,,,
Sonntag aufklart,,,,,,
Traufe,,,,,,
Landkrimi,,,,,,
Bergflocken,,,,,,
St. Martin in der Wart,,,,,,
Liveticker,,,,,,
Biwak,,,,,,
Brückentag in Bayern,,,,,,
Schweizer Bergen,,,,,,
Zillertaler Stilluptal,,,,,,
Feuerwehreinsatz,,,,,,
Winterwetter für Baustellen,,,,,,
Ski-Drama,,,,,,
Pfarrwerfen,,,,,,
Schauer-Wochenende,,,,,,
Tourismusverbänden,,,,,,
Niederschlagssumme bel,,,,,,
Gewitterrisiko,,,,,,
Abgeordnetenhaus,,,,,,
Christi Himmelfahrt,,,,,,
Münchner Airport,,,,,,
Flugzeugen,,,,,,
Fahrverb…,,,,,,
Einsätzen,,,,,,
weiterlesenWenn,,,,,,
Frühjahrs-Sonne,,,,,,
Iran-Demonstration,,,,,,
Fahrverbo…,,,,,,
Hessen Frankfurt,,,,,,
US-Ostküste,,,,,,
Straßenschäden,,,,,,
Lawinenwarnstufe,,,,,,
Stralsund,,,,,,
Schlaglöcher-Reparatur,,,,,,
Absatzvolumen,,,,,,
Mährobotern,,,,,,
Blitz-Show,,,,,,
Mai Sachsen-Anhalt,,,,,,
Frühlingssturm,,,,,,
bibberkalte Temperaturen,,,,,,
New Yorker Wetterdienst,,,,,,
Andernach,,,,,,
Historischer Schneesturm,,,,,,
Lawinenwarndienst Oberösterreich,,,,,,
Swinemünde,,,,,,
Zingst,,,,,,
Skitouren,,,,,,
Bielefeld,,,,,,
Rhode Island,,,,,,
Rechnungshof,,,,,,
Landesrechnungshof,,,,,,
Landkreis Esslingen,,,,,,
Reben,,,,,,
Kurven,,,,,,
New Yorker Central Park,,,,,,
Fallbachlifts,,,,,,
Steiermark Temperaturen,,,,,,
Sicherheitsfirma,,,,,,
TTS-Player überspringenArtikel weiterlesenInnsbruck,,,,,,
Obersteiermark,,,,,,
neblig-trüb,,,,,,
Val…,,,,,,
Land Tirol,,,,,,
Stellungen,,,,,,
Bäume,,,,,,
Inntals,,,,,,
Tief Marlis,,,,,,
Köln jeck,,,,,,
Karnevals-Wochenende,,,,,,
Val d’Isère,,,,,,
Mitten,,,,,,
Wallack-Rotationspflüge,,,,,,
Landkreis Bayreuth geba…,,,,,,
Bischofsgrün,,,,,,
Fichtelgebirge,,,,,,
Hochtor,,,,,,
Eisenbahn-Romantikern,,,,,,
Rhätischen Bahn,,,,,,
Gerissenen,,,,,,
Köthen,,,,,,
Harz sin,,,,,,
Oskil,,,,,,
Wetterprobe,,,,,,
Rosenmontagsumzügen,,,,,,
Dicke Wolken,,,,,,
Deutsche Bucht,,,,,,
Stadt Wien,,,,,,
Schnee-Nacht,,,,,,
Rheintal,,,,,,
Oberbayerns,,,,,,
Ebenthal,,,,,,
A8,,,,,,
Verkehrskollaps,,,,,,
Lkw-Unfälle,,,,,,
Thürin…,,,,,,
Heidelbeersaison,,,,,,
schneeglatter Fahrbahn,,,,,,
Bernina-Pass,,,,,,
Unwetterchaos,,,,,,
Vorarlbergs Obstbau,,,,,,
Frühlingsbeginn,,,,,,
Wetter-Achterbahn,,,,,,
Landkreis Hof,,,,,,
Verkehrsschilder,,,,,,
Verkehrspolizeiinspektion Hof,,,,,,
Koalitionspartner,,,,,,
Rot-Schwarz,,,,,,
Donnerstagfrüh,,,,,,
Berl…,,,,,,
Süd…,,,,,,
Flüssen,,,,,,
Schneekettenpfli…,,,,,,
Bächen,,,,,,
Katastrophenhilfe,,,,,,
Glocknerstraße,,,,,,
Katastropheneinsatz,,,,,,
Stadt Berlin,,,,,,
Rekordkurs,,,,,,
Großglockner Hochalpenstraße,,,,,,
Wohnzimmer,,,,,,
Ostereiersuche an der frischen Luft,,,,,,
Kiel/Hamburg,,,,,,
Defizite,,,,,,
Kreuzfelsenkurve bei der…,,,,,,
Stadtgebiets,,,,,,
US-Großstädten,,,,,,
Frühnebel,,,,,,
Schönau,,,,,,
Eis</li><li,,,,,,
Kulissen,,,,,,
Arktis-Wetter,,,,,,
Breitnau im Südschwarzwald,,,,,,
Waldbrand-Rauch,,,,,,
Oster-Wetter,,,,,,
East Rutherford,,,,,,
Wirbel,,,,,,
Köln.</strong,,,,,,
Land Steiermark,,,,,,
Pfunds,,,,,,
La Val Tho hinabschwingen,,,,,,
Märchen,,,,,,
Les Menuires,,,,,,
Livigno,,,,,,
Loungemöbeln,,,,,,
Tit…,,,,,,
Photovoltaikanlagen,,,,,,
Problemen,,,,,,
weiterlesenRegensburg,,,,,,
Hochdruckeinfluss,,,,,,
Energieagentur Tirol,,,,,,
Headline,,,,,,
Sommertemperaturen,,,,,,
Quebec,,,,,,
Helfern,,,,,,
Essen/Offenbach,,,,,,
Schwa…,,,,,,
Münsterland,,,,,,
Hohe Zustimmung zu Photovoltaik in Tirol,,,,,,
… NANTONG,,,,,,
Unterfrankens,,,,,,
ICE-Mitarbeiter,,,,,,
Südoststeiermark,,,,,,
Wiener Linien,,,,,,
Lastwagen,,,,,,
Südosthessen am Morgen,,,,,,
Main,,,,,,
Grünflächen,,,,,,
Minutentakt,,,,,,
Dornröschen,,,,,,
Verkehrsbetriebe Mittelrhein,,,,,,
Eichenprozessionsspinner,,,,,,
Schneewittchen,,,,,,
Hänsel,,,,,,
Unwetterartiger,,,,,,
Gretel,,,,,,
Dreiräder,,,,,,
Bayerisch-Schwaben,,,,,,
Inntalautobahn …,,,,,,
Schnee mi,,,,,,
Island,,,,,,
Temperaturen Höchstwerte,,,,,,
Irak,,,,,,
Polarfront,,,,,,
Görlitz,,,,,,
Bautzen,,,,,,
Warme Jacken,,,,,,
Zugende,,,,,,
Can-Am Canyon,,,,,,
Salzvorräte,,,,,,
Kreisstraßen,,,,,,
Glaziologen,,,,,,
Neuberg an der Mürz,,,,,,
Kanton Wallis,,,,,,
Evakuierungen,,,,,,
Wallis,,,,,,
Mittagssonne,,,,,,
Deutsche Wetterdienst,,,,,,
Montag Gewitter,,,,,,
Landk…,,,,,,
Südpfalz,,,,,,
Ratschin…,,,,,,
Regen am Aschermittwoch,,,,,,
HamburgBerlin,,,,,,
Unstrut-Hainich-Kreis,,,,,,
Great Salt Lake,,,,,,
Landesreserve,,,,,,
Gemeindestraßen,,,,,,
Seeveals,,,,,,
Lawinenunglück,,,,,,
Schneehöhlen,,,,,,
Landesreserve für Kreis- und Bundesstraßen zur,,,,,,
Winterdienstfahrz…,,,,,,
Wettermodellen,,,,,,
Kuhstall,,,,,,
Ostern,,,,,,
Th…,,,,,,
Tschechiens,,,,,,
Monaten,,,,,,
Oberlausitzer Bergland,,,,,,
Schneedeckenaufbau,,,,,,
Lawinenprobleme,,,,,,
Gefahrenstufen,,,,,,
Bischofshofen,,,,,,
Pinzgauer Straße,,,,,,
Tennengau,,,,,,
Inzersdorf,,,,,,
Unfallstellen,,,,,,
bergen,,,,,,
Altaussee,,,,,,
Freitag los,,,,,,
Oberpfälzer Wald,,,,,,
Frankenwald,,,,,,
Lebensgefahr,,,,,,
Immobilieneigentümern,,,,,,
Energieversorgers Gasag,,,,,,
Spiegelglatte,,,,,,
Fünf-Minuten-Weg,,,,,,
Friaul,,,,,,
Gailtal,,,,,,
Thüringer Bergland,,,,,,
Westösterreich,,,,,,
Steiermark …,,,,,,
Eisfläche,,,,,,
Krimi-Bestsellers,,,,,,
Polarkreis,,,,,,
Tälern,,,,,,
Tauernautobahn heuer,,,,,,
GIeßen,,,,,,
Poseck,,,,,,
Berlin-Mitte,,,,,,
Riesen-Tanne,,,,,,
Indoor-Schneefall,,,,,,
Winter-Wonderland,,,,,,
Niederösterreichs,,,,,,
Hittisau,,,,,,
Dornbirn,,,,,,
Bödele,,,,,,
Fichtelberg …,,,,,,
Sturmböen an der Nordsee,,,,,,
besond…,,,,,,
Glatteisrisiko,,,,,,
Offenbach vorhers…,,,,,,
Couch,,,,,,
Plöckenpass,,,,,,
Feldkirch,,,,,,
Millionenschaden,,,,,,
Damüls,,,,,,
Brandenburg auf Schnee,,,,,,
Leer,,,,,,
Bahngleise,,,,,,
Brande…,,,,,,
Wochenendes,,,,,,
Ranstadt-Dauernheim,,,,,,
Gera,,,,,,
winterlich-kalt,,,,,,
Wirtschaftskammer Tirol,,,,,,
Lech,,,,,,
Tourismusverband Innsbruck,,,,,,
Temperaturen absacken,,,,,,
Sonntag Schnee,,,,,,
Dresdner,,,,,,
November-Sommer,,,,,,
Rennsteigregion,,,,,,
Thüringer Wald“,,,,,,
Geschriebenstein,,,,,,
Bernstein,,,,,,
Eisenstadt,,,,,,
Burgenlandes heuer,,,,,,
Obertauern,,,,,,
Pongau/Lungau,,,,,,
Polizeidienststellen,,,,,,
Gefährliche Glätte,,,,,,
Bad Laterns,,,,,,
Furkajoch,,,,,,
Furkajochs,,,,,,
tiefwinterlich,,,,,,
Stürzens</li><li,,,,,,
Folge</li><li,,,,,,
Ha…,,,,,,
Oldenburg/Bremen,,,,,,
Oberpfalz sta,,,,,,
Flughafen Münche…,,,,,,
Jever,,,,,,
Flughäfen,,,,,,
S5,,,,,,
S2,,,,,,
S1,,,,,,
Winterwetters am Morgen,,,,,,
Schnee“,,,,,,
Magdeburg/Halle,,,,,,
DeutschlandsGlatte,,,,,,
Di…,,,,,,
Anrede,,,,,,
Großbrand,,,,,,
B177,,,,,,
Ägypten,,,,,,
Steiermark 70,,,,,,
Stockholm,,,,,,
Schwedens,,,,,,
TikTok,,,,,,
Österreich…,,,,,,
Nord-Saudi-Arabien,,,,,,
NRWs örtl,,,,,,
Lokalaugenschein,,,,,,
Bezirk Lilienfeld,,,,,,
noe,,,,,,
Private-Equity-Firmen,,,,,,
US-Konzerne,,,,,,
Riedberger Horn,,,,,,
Bolsterlanger Horn,,,,,,
Nassfeld-Pressegger-See,,,,,,
Weihnachtsfeiertagen,,,,,,
Schneefans,,,,,,
Heiligabend,,,,,,
Bergbahnen Brandnertal,,,,,,
Loischkopf-Bahn,,,,,,
Neue Loischkopfbahn,,,,,,
CHANGCHUN,,,,,,
Weihnachtstage,,,,,,
Finnland,,,,,,
St. Johannes Baptist,,,,,,
Rochester,,,,,,
Frederick Douglas Airport,,,,,,
Evangelischen Waldkrankenhaus Spandau,,,,,,
Neapel,,,,,,
Italiens Bergen,,,,,,
Packgebiet,,,,,,
Modriach,,,,,,
Schottland,,,,,,
Oberschwaben Schnee,,,,,,
Wolkenfelder,,,,,,
Landkreis Waldeck-Frankenberg,,,,,,
Kältestes Weihnachten,,,,,,
Mittelmeer,,,,,,
Schne…,,,,,,
Steinplatte,,,,,,
Skigebiete Steinplatte,,,,,,
Bramberg,,,,,,
Velogemel-Fahren,,,,,,
Cortina d’Ampezzo,,,,,,
Mengen,,,,,,
Arabischen Golf,,,,,,
Kanaren,,,,,,
Lagerkomplex,,,,,,
Warmwasserziele,,,,,,
Täle…,,,,,,
Salzburger Landes,,,,,,
Ausrüstungen,,,,,,
Wintersporthandel,,,,,,
Tauplitz,,,,,,
Wintersportsaison,,,,,,
Beaver Creek,,,,,,
Beaver,,,,,,
Österreicher,,,,,,
sch…,,,,,,
di…,,,,,,
Altenburger Land,,,,,,
Ötscherliften,,,,,,
Lunz am See,,,,,,
Maiszinken,,,,,,
Schneeschieben,,,,,,
Wintersports,,,,,,
Achter-Sesselbahn,,,,,,
Zehner-Gondelbahn,,,,,,
Skigebiete Planai,,,,,,
Schladming-Dachstein,,,,,,
zunichtegemacht,,,,,,
Trient,,,,,,
Monte Bondone,,,,,,
ARD-aktuell,,,,,,
Flughafen“,,,,,,
Hamburger Flughafen,,,,,,
Prach…,,,,,,
Brandenburg mild,,,,,,
Fest,,,,,,
Tal auf Ku…,,,,,,
Höss,,,,,,
Adventswochenende,,,,,,
Ski-Looks,,,,,,
CSU-Chef,,,,,,
Pfas im Schnee,,,,,,
Verbrenner-Aus,,,,,,
Gespräche,,,,,,
Gemütlich,,,,,,
Innsbrucker,,,,,,
Lappland,,,,,,
China-Route,,,,,,
Arktis,,,,,,
Schnee-Kanonen,,,,,,
Skitest,,,,,,
Zirl,,,,,,
Seefelder Straße,,,,,,
Unfällen</li><li,,,,,,
Joshua,,,,,,
Kaunertal,,,,,,
Insassen,,,,,,
ARKOCHIC,,,,,,
Gewehe,,,,,,
Gebirgsregionen,,,,,,
Wathosen,,,,,,
Weltall,,,,,,
Weltraumspiegel,,,,,,
Dagebüll,,,,,,
Erzgebirgskreis,,,,,,
Andermatt-Sedrun,,,,,,
Temperaturen w…,,,,,,
Aussicht,,,,,,
Schwarzwalde…,,,,,,
Wälder,,,,,,
Bayerische Wald,,,,,,
Alpengipfeln,,,,,,
Saisonstart,,,,,,
Hochrindl,,,,,,
Ärmelkanal,,,,,,
Bretagne,,,,,,
Straßenrand,,,,,,
Herren-Riesentorlaufs,,,,,,
Sölden am Sonntag,,,,,,
Playa de Palma,,,,,,
Helikopter,,,,,,
Energiesparmodus,,,,,,
Geldhahn,,,,,,
Deutsch…,,,,,,
Skipiste,,,,,,
Burschen,,,,,,
Bezirk Spittal an der Drau,,,,,,
Auernig,,,,,,
Bergnot,,,,,,
Ballermann,,,,,,
Offenbach/Poppenhausen,,,,,,
Reutte,,,,,,
Imst,,,,,,
Hahntennjoch,,,,,,
Tirols Bergen,,,,,,
Zillertal,,,,,,
Hochfügenerstraße,,,,,,
Montagnachmittag,,,,,,
Sachs…,,,,,,
Anhalt,,,,,,
Atlantik,,,,,,
Irawan,,,,,,
Mitreden,,,,,,
Skipass,,,,,,
anr…,,,,,,
Sonnenstrahlen,,,,,,
Nervenkitzel,,,,,,
Super-Vorverkau…,,,,,,
NÖ Bergerlebnispass,,,,,,
Ski-Tickets,,,,,,
Himalaja,,,,,,
Winzern,,,,,,
Dachstein West heu…,,,,,,
Provinzen,,,,,,
Schneesturm am,,,,,,
plötzlic…,,,,,,
Höhengebiet,,,,,,
Berges,,,,,,
Mount Everest Region,,,,,,
Arlberg-Schnellstraße,,,,,,
Qudang,,,,,,
Bayerns Alpen,,,,,,
Qudang ge,,,,,,
Fährausfälle,,,,,,
Rekordtempo,,,,,,
Zugspitze,,,,,,
Tourismusbranche heuer,,,,,,
Winterurlaub,,,,,,
Skirollerskates,,,,,,
Kamin,,,,,,
Todtnau,,,,,,
Gewalttat in Maintal +++ Liveblog,,,,,,
Gewalttat in Maintal +++ Friedensbrücke,,,,,,
Weinlese,,,,,,
fo­to­gra­fiert,,,,,,
see­en­de,,,,,,
plöt­zen­see,,,,,,
Bergen ins Herz der Stadt,,,,,,
Tag am See,,,,,,
Wasserhosen,,,,,,
Annaberg-Buchholz,,,,,,
Oleander,,,,,,
BGH,,,,,,
Bundesgerichtshof,,,,,,
Leica Galerie Düsseldorf,,,,,,
Lichtblick,,,,,,
Baden-Württemberg te,,,,,,
Steuer,,,,,,
Tornados,,,,,,
Landwirtschaftskammer Schleswig-Holstein,,,,,,
Königssee,,,,,,
Wochenendbetrieb,,,,,,
Brüssel d…,,,,,,
Schulbus,,,,,,
Niederungen,,,,,,
Wolken aufziehe…,,,,,,
Glatt,,,,,,
November-Wetter,,,,,,
Eiskratzen am Morgen,,,,,,
Snow Space,,,,,,
Ampelregelungen,,,,,,
Pongauer,,,,,,
Karwendelbahn,,,,,,
Arlbergbahn,,,,,,
Turrache…,,,,,,
Planai-Hochwurzen-Bahnen,,,,,,
Turnau,,,,,,
Schwabenbergarena,,,,,,
Hessen ge,,,,,,
Mittelgebirgsraum,,,,,,
Baden-Württemberg w…,,,,,,
Winterliches Deutschland,,,,,,
Kitzbühel,,,,,,
Winterberg,,,,,,
Thallichtenberg,,,,,,
Straße abge…,,,,,,
Kreis Waldeck-Frankenberg,,,,,,
Meinerzhagen,,,,,,
Seebliga-Bahn,,,,,,
Berufsverkehrs,,,,,,
Stunden am Morgen,,,,,,
Passauer,,,,,,
Thalfang,,,,,,
sächsischen Bergen,,,,,,
Altenberg,,,,,,
laufen,,,,,,
NRW)/Suhl,,,,,,
Straßensperrungen,,,,,,
Neuschnee-Nachschub,,,,,,
Räumfahrzeug,,,,,,
Wetterbericht,,,,,,
Südschwarzwal…,,,,,,
Schneeverwehungen im Schwarzwald,,,,,,
Infrastrukturministeriums,,,,,,
Zügen,,,,,,
Arnsberg,,,,,,
www.zuginfo.nrw,,,,,,
Dresden/Magdeburg/Erfurt,,,,,,
Hesse…,,,,,,
Schneeflocken in Bayern,,,,,,
Roadmap,,,,,,
höheren Bergland,,,,,,
Einheimischentarife,,,,,,
Tagesskipass,,,,,,
Skisaison,,,,,,
Resterhöhe,,,,,,
Abkommens,,,,,,
Vail,,,,,,
Schwarzenberg,,,,,,
IbizaHEUTE,,,,,,
Werratal,,,,,,
Wolken-Nebel-Mix,,,,,,
Matrashauses,,,,,,
Buchungsplattform Holidu,,,,,,
Landesgericht St. Pölten,,,,,,
Wandsbeker Winterzauber,,,,,,
Weihnachtsmarkt Schneeflocken,,,,,,
Schnee-Garantie,,,,,,
Weihnachtsmarkt,,,,,,
französi…,,,,,,
Schneemangel,,,,,,
Berliner Sonne,,,,,,
Urlaub,,,,,,
Lauterbach,,,,,,
westl…,,,,,,
westli…,,,,,,
halbe Land,,,,,,
Tourismusbranche,,,,,,
nassen F,,,,,,
Passauer Land,,,,,,
Türe,,,,,,
Ingelheim,,,,,,
Babelsberg,,,,,,
Westens,,,,,,
Nevada,,,,,,
Nordhälfte,,,,,,
Karacho,,,,,,
Oberhausen,,,,,,
Auslage,,,,,,
Flixbus,,,,,,
Rocky Mountains,,,,,,
St,,,,,,
Südbaden,,,,,,
Straßenmeistereien des Landes,,,,,,
k…,,,,,,
Luxus,,,,,,
Italiens Alpen,,,,,,
Geesthacht,,,,,,
Skiklubs Bad Reichenhall,,,,,,
Notbremse,,,,,,
Unfallzahl,,,,,,
Spitälern,,,,,,
Stadiondach,,,,,,
Anpfiff,,,,,,
Unfallkrankenhaus Berlin,,,,,,
Naturkatastrophenbilanz,,,,,,
Hofburg,,,,,,
WWW,,,,,,
Wienerwalds,,,,,,
Schmelzwasser,,,,,,
Ostregion,,,,,,
Warmfront,,,,,,
frostigste,,,,,,
Fahrzeugs,,,,,,
Morgenpost-Reporter,,,,,,
Öste…,,,,,,
Geräusch,,,,,,
Metern …,,,,,,
Landkreises Rostock,,,,,,
Neubrandenburg,,,,,,
Kreis…,,,,,,
Landkreis Rostock,,,,,,
Nachbarländern,,,,,,
Akkord,,,,,,
Heizbedarf,,,,,,
Hamburgs meterhohe Eisberge,,,,,,
Fernen Osten Russlands,,,,,,
Fernen Osten,,,,,,
Fernost-Russland,,,,,,
Kamatsch…,,,,,,
Tsunami-Gefahr,,,,,,
Erdbeben,,,,,,
Tote,,,,,,
Rhein-Herne-Kanal,,,,,,
A42,,,,,,
Meterhohe Eisberge,,,,,,
Damaskus,,,,,,
Januartagen,,,,,,
Aktionszeitraums,,,,,,
Offenbach …,,,,,,
Streusand,,,,,,
Kiew,,,,,,
Gipfellagen,,,,,,
Wildtierkameras,,,,,,
Brandenburg am Donnerstagmorgen,,,,,,
Bloudan,,,,,,
Rebus,,,,,,
Nacht Sprühregen,,,,,,
Miniskigebiet,,,,,,
Tierpark Hagenbeck,,,,,,
Dienstagmorgen,,,,,,
Glatteis-Warnung,,,,,,
Naumburg,,,,,,
Naumburger Straßenbahn,,,,,,
Celle,,,,,,
Schneemann,,,,,,
Westen,,,,,,
Homeoffice,,,,,,
Niederrhein,,,,,,
A45,,,,,,
Oberbergischen Land,,,,,,
Alte Bauernregeln,,,,,,
Alte Bauernregel,,,,,,
unwetterartiger,,,,,,
Ungemach,,,,,,
La Plagne/Courchevel,,,,,,
Wochenstart,,,,,,
Landkreis Oberallgäu,,,,,,
Oberstdorf,,,,,,
frostig-eisig,,,,,,
Alpennähe …,,,,,,
Glättegefa…,,,,,,
Nachschub,,,,,,
Nachlieferungen,,,,,,
Bad Berleburg,,,,,,
Tierparks,,,,,,
Henstedt-Ulzburg,,,,,,
Hausverwaltungen,,,,,,
Hauseigentümer,,,,,,
Wintern,,,,,,
Sneakerssocken,,,,,,
Elbbrücken,,,,,,
Hammerbrook,,,,,,
S3,,,,,,
spiegelglatter Autobahn,,,,,,
Sporthallen,,,,,,
Rettungsstelle,,,,,,
Pinguin-Watschel-Gang,,,,,,
La…,,,,,,
Bahnhof Glashütte,,,,,,
Lastwagens,,,,,,
DWD,,,,,,
amtliche W,,,,,,
Halle Halle,,,,,,
Grenzen,,,,,,
Ausnahmezustand,,,,,,
Zwischenwasser,,,,,,
Frankfurter Innenstadt,,,,,,
Silkeborg,,,,,,
Bus-,,,,,,
Leonie,,,,,,
Schneechaos am Morgen,,,,,,
Präsenzunterricht in …,,,,,,
Deponie…,,,,,,
Miltenberg,,,,,,
Forchheim,,,,,,
Leipzig/Halle,,,,,,
Neu-Ulm,,,,,,
Land“,,,,,,
Großraum Boston,,,,,,
Region Stuttgart,,,,,,
Tief,,,,,,
Porta-Westfalica,,,,,,
Landkreises,,,,,,
Näs…,,,,,,
Expertenangaben,,,,,,
Überleitun…,,,,,,
Landkreis Heilbronn,,,,,,
Weinsberg,,,,,,
W…,,,,,,
Bahnausfälle,,,,,,
Nordhessen,,,,,,
Stau,,,,,,
Stadt Nürnberg,,,,,,
Bonham…,,,,,,
Landkreis Kulmbach,,,,,,
mittelfränkischen Erlangen,,,,,,
Grenznähe,,,,,,
Grünen-Vorstands,,,,,,
Srinagar,,,,,,
Fußgänger,,,,,,
Berliner Straßenbahn-Netzes,,,,,,
Westfriedhof,,,,,,
Landkreis Gießen,,,,,,
S-Bahn-Pause,,,,,,
Dienstagvormittag,,,,,,
Stadt Hamburg,,,,,,
Massachusetts,,,,,,
Ohio,,,,,,
US-Präsident,,,,,,
Epochenbruch,,,,,,
Neuengland,,,,,,
Arkansas,,,,,,
S-Bahn-Pause“,,,,,,
Midtjylland,,,,,,
Scheibenwischer,,,,,,
Zwischenwasser-Furx,,,,,,
Missouri,,,,,,
Insel Borkum,,,,,,
Unwettergefahr,,,,,,
WETter,,,,,,
verg…,,,,,,
Eggerheims,,,,,,
Eggerheim,,,,,,
Landkreis,,,,,,
Autobahn 31,,,,,,
katastrophal,,,,,,
i…,,,,,,
Schaumberg,,,,,,
Holzminden,,,,,,
Göttingen,,,,,,
Nienburg,,,,,,
Verkehrsunfälle,,,,,,
Heidelberg,,,,,,
Brandy,,,,,,
Belluneser,,,,,,
Norweger,,,,,,
Norwegerinnen,,,,,,
Miniseillift,,,,,,
US-Amerikaner,,,,,,
weiterlesenNew York,,,,,,
Texas bi…,,,,,,
Rettung im Dauereinsatz,,,,,,
Kansas City,,,,,,
US-Haushalte,,,,,,
Bad Olde…,,,,,,
Temperaturen</li><li,,,,,,
Hoherodskopf,,,,,,
Vogelsberg,,,,,,
Winterwetter da…,,,,,,
Eisflächen,,,,,,
Landkreis Wesermarsch,,,,,,
Nordhorn,,,,,,
Live-Ticker,,,,,,
Tierpark,,,,,,
Rh…,,,,,,
Kreis Soest m,,,,,,
Gießener,,,,,,
Umkleide,,,,,,
Hünstetten,,,,,,
Amerika,,,,,,
Australien,,,,,,
Hitze-Chaos,,,,,,
Schwarzwald am Samstag,,,,,,
Freizeitveranstaltungen,,,,,,
Deutschlands</li><li,,,,,,
Lkw Autobahnen,,,,,,
Amsterdamer Flughafen,,,,,,
Griesbach,,,,,,
Erzgebirgsdorf,,,,,,
Winterwetter in Deutschland,,,,,,
Sankt Martin,,,,,,
Sankt Martin am Tennengebirge,,,,,,
A1 kracht,,,,,,
Nürburgring,,,,,,
Nauen,,,,,,
Tem…,,,,,,
Landkreis Amberg-Sulzbach,,,,,,
Kümmersbruck,,,,,,
Bundesstraße 85,,,,,,
Schwandorf,,,,,,
Amberg-Sulzbach,,,,,,
Haustür,,,,,,
Handschuhe,,,,,,
Mütze,,,,,,
Schal,,,,,,
Polizeipräsidiums Westpfalz,,,,,,
Sperrungen bei Schnee,,,,,,
Weihnachtsurlaub,,,,,,
Ged…,,,,,,
Polizeipräsidien,,,,,,
Alpentälern,,,,,,
Millstätter See,,,,,,
Seeboden,,,,,,
Moerisch,,,,,,
Bibber-Nächte,,,,,,
Unwetter-Front,,,,,,
Pichelsberg,,,,,,
Großflughafen Schiphol,,,,,,
Flughafen laufe,,,,,,
Bremen w…,,,,,,
Hamburg/Berlin Ein,,,,,,
Polizeireviers Heilbronn,,,,,,
hinunterzusausen,,,,,,
Wintersport,,,,,,
Daue…,,,,,,
Sperrungen,,,,,,
Après-Ski,,,,,,
Arbeiterunterkunft,,,,,,
Wintereinbruc…,,,,,,
Köln-Hannover-Berlin,,,,,,
ICE-Züge,,,,,,
A 93,,,,,,
Strich,,,,,,
Dreikönigstag winterlich,,,,,,
Niederlanden,,,,,,
Heubach,,,,,,
Masserberger,,,,,,
Steinach,,,,,,
Jahreswechsel,,,,,,
Winterkeule,,,,,,
Tal!,,,,,,
Rainaissance,,,,,,
Himmelsleiter,,,,,,
Skibetrieb los,,,,,,
hö…,,,,,,
Kre…,,,,,,
Verkehrsunfällen,,,,,,
Kairo,,,,,,
minus e,,,,,,
bleibts,,,,,,
Nordostküste,,,,,,
Stadt überlastet</li><li,,,,,,
Carité,,,,,,
Virchow-Klinikum,,,,,,
Schnee-Alarm,,,,,,
Stürzen</li><li,,,,,,
SZ,,,,,,
Erzgebirges,,,,,,
Marienberg,,,,,,
Danzig,,,,,,
Chaos,,,,,,
Schiphol,,,,,,
Reifendruck,,,,,,
Straße zu räume…,,,,,,
Wetter-Ausnahmezustand,,,,,,
Rekordwerte,,,,,,
Schneepracht,,,,,,
Danzi…,,,,,,
Polens,,,,,,
Sü…,,,,,,
Parkplätze,,,,,,
Drautal,,,,,,
Berg,,,,,,
St. Johann im Rosental,,,,,,
Wintersport-Nahversorger,,,,,,
Kilometerlange Staus,,,,,,
Los,,,,,,
Kreischberg,,,,,,
Weinebene,,,,,,
Weihnachtsferien,,,,,,
Bremsweg-Unterschiede,,,,,,
Mittelbaden,,,,,,
Winterwetter mit Eis und Schnee,,,,,,
17.000-Einwohner-Gemeinde Leopoldshöhe,,,,,,
Emden,,,,,,
"Sturmtief ""Elli""",,,,,,
Haup…,,,,,,
Flughafen Hannover,,,,,,
Wildgatter Oberrabenstein,,,,,,
Tierpark Chemnitz,,,,,,
Linzer,,,,,,
Schneefällen in de,,,,,,
Glätteunfälle,,,,,,
Sturmtief „Elli“,,,,,,
Nato-Gebiet,,,,,,
Ukraine beka…,,,,,,
Oreschnik-Einsatz,,,,,,
Landkreis Mansfeld-Südharz,,,,,,
Uckermark,,,,,,
Landkreis Bad Kissingen,,,,,,
Küste Windböen,,,,,,
Hamburg-Konzerte,,,,,,
Unheilig-Auftritte,,,,,,
Dachs,,,,,,
Kreis Kleve,,,,,,
Offenbach/Alzey,,,,,,
Spaziergang,,,,,,
Leipzig/Dresden/Chemnitz,,,,,,
Millerntor-Stadion,,,,,,
Mainz/Saarbrücken,,,,,,
Landkreis Friesland,,,,,,
Schneeberge“,,,,,,
Sonntagvormittag,,,,,,
Wei…,,,,,,
Villa Godzilla,,,,,,
Bronco,,,,,,
Naturpelz,,,,,,
St. Pauli vs.,,,,,,
Bahn-Passagiere,,,,,,
Unsicherheiten,,,,,,
Autofahrer,,,,,,
Kreuzfahrtpassagiere,,,,,,
Bahnfahrgäste,,,,,,
St. Pauli,,,,,,
Komplikationen,,,,,,
Reifenwechsel,,,,,,
Bauhof,,,,,,
Streugut,,,,,,
Stadt Achim,,,,,,
Lippe,,,,,,
Termine,,,,,,
Niebüll,,,,,,
län…,,,,,,
Köhlbrandbrücke ak,,,,,,
Hamburger Köhlbrandbrücke,,,,,,
Auftausalz,,,,,,
Winterliches Sturmtief,,,,,,
Bergepanzer,,,,,,
Verkehrsbeeinträchtigungen,,,,,,
Norddeutschlands,,,,,,
Blindenleitstreifen am Boden,,,,,,
Landkreis Witt…,,,,,,
Landkreis Wittmund,,,,,,
Nordseek…,,,,,,
Prognose,,,,,,
Lauf-Alternativen,,,,,,
z…,,,,,,
Nebenflächen,,,,,,
Altpapier,,,,,,
Bioabfall,,,,,,
Restmüll,,,,,,
Hameln,,,,,,
Landkreis von Unterrichts-…,,,,,,
Vorschein,,,,,,
Freitag stehenzulassen,,,,,,
WELT-Reporter,,,,,,
Blitzeis-Gefahr,,,,,,
Grundsatz,,,,,,
Beschlag,,,,,,
Österreichern,,,,,,
Schweizern,,,,,,
wei…,,,,,,
Online-Unterricht,,,,,,
Schulen,,,,,,
Liveblog,,,,,,
Straße überleb…,,,,,,
Arbeitsplatz,,,,,,
Starkschnee,,,,,,
Berliner Unfallkrankenhaus,,,,,,
Blitz-Eis,,,,,,
Anfrage,,,,,,
Moia-Busse,,,,,,
Sturmtief Elli,,,,,,
Flügen,,,,,,
Flughafen …,,,,,,
Schädelhirntraumata,,,,,,
Platzwunden am Kopf,,,,,,
Knochenbrüchen,,,,,,
Steiermark Naturbegeisterte,,,,,,
