,Impacts,Hazard,Causes,Mitigation,Invalid
2025-09-29,0.0,1.0,0.0,0.0,0.0
2025-09-30,0.0,0.0,0.0,0.0,1.0
2025-10-01,0.0,0.0,0.0,0.0,4.0
2025-10-02,0.0,0.0,0.0,0.0,2.0
2025-10-03,0.0,0.0,0.0,0.0,1.0
2025-10-05,0.0,0.0,0.0,0.0,2.0
2025-10-06,0.0,4.0,0.0,0.0,8.0
2025-10-07,0.0,2.0,0.0,0.0,4.0
2025-10-08,0.0,5.0,0.0,0.0,7.0
2025-10-10,1.0,0.0,1.0,0.0,2.0
2025-10-12,0.0,0.0,0.0,0.0,1.8
2025-10-13,0.0,1.8,0.0,0.0,10.4
2025-10-14,0.0,0.0,0.0,0.0,2.7
2025-10-15,0.0,1.9,0.0,0.0,9.4
2025-10-16,0.0,1.8,0.0,0.0,6.500000000000001
2025-10-17,0.0,1.8,0.0,0.0,9.3
2025-10-18,0.0,0.9,0.0,0.0,1.9
2025-10-19,0.0,1.0,1.0,0.0,2.0
2025-10-20,0.0,0.0,0.0,0.0,1.0
2025-10-21,0.0,0.0,0.0,0.0,1.8
2025-10-22,0.0,0.9,0.0,0.0,13.100000000000001
2025-10-23,0.0,3.0,1.0,0.0,12.200000000000001
2025-10-24,0.0,2.8,0.0,0.0,12.600000000000001
2025-10-25,0.0,0.9,0.0,0.0,8.5
2025-10-26,0.0,4.7,0.0,0.0,8.700000000000001
2025-10-27,0.0,0.9,0.0,0.0,9.9
2025-10-28,0.0,1.0,0.0,0.0,7.7
2025-10-29,0.0,2.8,0.0,0.0,0.9
2025-10-30,0.0,0.9,0.0,0.0,6.400000000000001
2025-10-31,0.0,0.9,0.0,1.0,1.9
2025-11-01,0.0,0.0,0.0,0.0,5.9
2025-11-02,0.0,0.0,2.0,0.0,6.500000000000001
2025-11-03,2.0,3.9,2.0,0.0,0.0
2025-11-04,1.0,10.8,0.0,0.0,1.8
2025-11-05,1.0,6.800000000000001,1.0,0.0,1.8
2025-11-06,0.0,3.9,1.0,0.0,2.7
2025-11-07,0.0,0.0,0.0,0.0,1.8
2025-11-08,0.9,1.8,1.8,0.0,0.9
2025-11-09,1.8,0.9,0.0,0.0,0.9
2025-11-10,0.0,2.7,0.0,4.5,3.6
2025-11-11,3.6,2.7,0.9,1.8,2.7
2025-11-12,1.8,1.8,2.7,0.0,0.0
2025-11-13,0.0,1.8,0.0,0.0,0.0
2025-11-14,0.0,1.8,0.0,2.7,0.0
2025-11-15,1.8,7.200000000000001,0.0,0.0,0.0
2025-11-16,0.0,13.500000000000004,0.0,0.9,0.0
2025-11-17,3.6,16.200000000000003,2.7,0.0,0.0
2025-11-18,1.8,13.500000000000004,2.7,3.6,0.0
2025-11-19,0.9,20.699999999999996,2.7,0.0,0.0
2025-11-20,2.7,17.1,9.000000000000002,3.6,0.0
2025-11-21,2.7,9.000000000000002,1.8,4.5,0.0
2025-11-22,1.8,12.600000000000003,3.6,0.9,0.0
2025-11-23,0.9,28.499999999999986,1.8,1.8,0.0
2025-11-24,1.8,56.69999999999994,40.499999999999964,0.0,0.0
2025-11-25,2.7,10.800000000000002,3.6,0.0,0.0
2025-11-26,0.9,13.500000000000004,0.9,0.0,0.0
2025-11-27,0.9,3.6,1.8,0.0,0.0
2025-11-28,0.9,10.800000000000002,0.9,0.0,0.0
2025-11-29,0.9,0.0,0.9,0.0,0.0
2025-11-30,1.8,4.5,0.0,0.0,0.0
2025-12-01,0.0,6.300000000000001,0.9,0.0,0.0
2025-12-02,1.8,6.300000000000001,0.9,0.0,0.0
2025-12-03,0.9,3.6,0.9,0.0,0.0
2025-12-04,0.9,9.000000000000002,0.0,1.8,0.0
2025-12-05,0.0,2.7,0.0,0.9,0.0
2025-12-06,1.8,0.9,0.9,0.0,0.0
2025-12-08,0.0,0.9,0.0,0.0,0.0
2025-12-09,0.0,2.7,1.8,0.9,0.0
2025-12-10,1.8,3.6,1.8,0.0,0.0
2025-12-11,0.0,2.7,0.0,0.0,0.0
2025-12-12,0.0,0.0,2.7,2.7,0.0
2025-12-13,0.9,1.8,0.0,0.0,0.0
2025-12-14,0.9,2.7,0.0,0.0,0.0
2025-12-15,0.0,0.9,0.0,0.9,0.0
2025-12-16,0.0,5.4,0.9,0.9,0.0
2025-12-17,0.0,1.8,0.0,0.0,0.0
2025-12-18,0.0,0.9,0.0,0.0,0.0
2025-12-19,0.0,3.6,0.9,0.0,0.0
2025-12-20,3.6,3.6,1.8,0.0,0.0
2025-12-21,1.8,10.800000000000002,3.6,0.0,0.0
2025-12-22,1.8,5.4,0.0,0.0,0.0
2025-12-23,3.6,19.799999999999997,0.0,0.0,0.0
2025-12-24,0.0,7.200000000000001,0.0,0.0,0.0
2025-12-25,0.0,5.4,6.300000000000001,0.0,0.0
2025-12-26,0.9,8.100000000000001,2.7,0.0,0.0
2025-12-27,0.0,32.39999999999998,3.6,0.0,0.0
2025-12-28,1.8,13.500000000000004,0.9,0.0,0.0
2025-12-29,2.7,21.599999999999994,0.0,0.0,0.0
2025-12-30,4.5,16.200000000000003,1.8,0.0,0.0
2025-12-31,0.9,3.6,1.8,0.9,0.0
2026-01-01,0.0,1.8,0.0,0.0,0.0
2026-01-02,1.8,14.400000000000004,4.5,0.0,0.0
2026-01-03,0.9,26.999999999999986,9.000000000000002,0.0,0.0
2026-01-04,3.6,19.799999999999997,9.900000000000002,1.8,0.0
2026-01-05,0.9,12.600000000000003,1.8,1.8,0.0
2026-01-06,0.0,21.599999999999994,2.7,3.6,0.0
2026-01-07,0.0,19.799999999999997,2.7,2.7,0.0
2026-01-08,0.0,36.89999999999997,9.000000000000002,6.300000000000001,0.0
2026-01-09,0.9,50.39999999999995,11.700000000000003,0.9,0.0
2026-01-10,0.0,19.799999999999997,4.5,0.9,0.0
2026-01-11,0.0,38.69999999999997,1.8,0.0,0.0
2026-01-12,0.0,63.89999999999993,4.5,4.5,0.0
2026-01-13,0.0,40.499999999999964,0.0,1.8,0.0
2026-01-14,0.0,10.800000000000002,3.6,0.0,0.0
2026-01-15,0.0,6.300000000000001,3.6,0.0,0.0
2026-01-16,0.0,9.900000000000002,0.0,0.0,0.0
2026-01-17,0.0,0.0,0.9,0.0,0.0
2026-01-18,0.0,1.8,0.0,0.0,0.0
2026-01-19,0.9,5.4,0.0,0.0,0.0
2026-01-20,0.0,7.200000000000001,0.9,0.0,0.0
2026-01-21,0.0,0.9,0.0,0.0,0.0
2026-01-22,0.0,2.7,0.0,0.0,0.0
2026-01-23,0.0,26.999999999999986,2.7,0.0,0.0
2026-01-24,0.0,28.799999999999983,0.0,0.0,0.0
2026-01-25,0.0,32.39999999999998,3.6,0.0,0.0
2026-01-26,0.0,40.499999999999964,6.300000000000001,0.0,0.0
2026-01-27,0.0,19.799999999999997,6.300000000000001,3.6,0.0
2026-01-28,0.0,17.1,3.6,0.0,0.0
2026-01-29,3.6,13.500000000000004,2.7,2.7,0.0
2026-01-30,0.0,28.799999999999983,0.0,4.5,0.0
2026-01-31,0.0,12.600000000000003,3.6,3.6,0.0
2026-02-01,0.0,14.400000000000004,3.6,0.9,0.0
2026-02-02,0.0,21.599999999999994,0.0,6.300000000000001,0.0
2026-02-03,0.0,26.999999999999986,7.200000000000001,0.0,0.0
2026-02-04,0.0,26.099999999999987,7.200000000000001,3.6,0.0
2026-02-05,0.0,21.599999999999994,2.7,0.9,0.0
2026-02-06,0.0,33.299999999999976,0.9,8.100000000000001,0.0
2026-02-07,0.9,15.300000000000004,0.0,1.8,0.0
2026-02-08,0.0,4.5,1.8,1.8,0.0
2026-02-09,0.0,0.9,0.0,1.8,0.0
2026-02-10,0.9,11.700000000000003,0.0,5.4,0.0
2026-02-11,0.0,3.6,0.9,2.7,0.0
2026-02-12,0.0,12.600000000000003,0.9,5.4,0.0
2026-02-13,0.9,18.9,2.7,2.7,0.0
2026-02-14,0.0,10.800000000000002,0.9,0.0,0.0
2026-02-15,0.0,10.800000000000002,0.0,0.9,0.0
2026-02-16,0.0,23.39999999999999,0.9,0.9,0.0
2026-02-17,0.0,15.300000000000004,0.9,2.7,0.0
2026-02-18,0.0,15.300000000000004,0.9,0.9,0.0
2026-02-19,0.9,34.199999999999974,5.4,2.7,0.0
2026-02-20,0.0,30.59999999999998,4.5,2.7,0.0
2026-02-21,0.9,13.500000000000004,1.8,0.9,0.0
2026-02-22,0.0,12.600000000000003,0.9,0.0,0.0
2026-02-23,0.0,11.700000000000003,0.0,1.8,0.0
2026-02-24,0.0,7.200000000000001,0.0,1.8,0.0
2026-02-25,0.9,0.0,0.9,0.9,0.0
2026-02-26,0.9,0.9,0.0,1.8,0.0
2026-02-27,0.9,4.2,0.0,0.0,0.0
2026-02-28,0.0,7.800000000000002,0.9,0.0,0.0
2026-03-01,0.0,2.7,0.0,0.0,0.0
2026-03-02,0.0,2.7,0.0,0.0,0.0
2026-03-03,0.0,0.9,0.9,0.0,0.0
2026-03-04,0.0,1.8,0.9,0.0,0.0
2026-03-05,0.0,2.7,0.0,0.0,0.0
2026-03-06,0.9,1.8,0.0,0.9,0.0
2026-03-08,0.0,3.6,0.0,0.0,0.0
2026-03-10,0.0,3.6,0.0,0.0,0.0
2026-03-11,0.0,0.0,2.7,0.0,0.0
2026-03-12,0.0,1.8,0.0,0.0,0.0
2026-03-13,0.9,1.8,0.0,0.0,0.0
2026-03-14,0.0,6.300000000000001,0.9,0.0,0.0
2026-03-15,0.0,4.5,0.0,0.0,0.0
2026-03-16,0.0,14.400000000000004,0.9,0.0,0.0
2026-03-17,0.0,3.6,0.0,0.0,0.0
2026-03-18,0.0,1.8,0.0,0.0,0.0
2026-03-19,0.0,4.5,0.0,0.0,0.0
2026-03-20,0.0,5.4,0.0,0.0,0.0
2026-03-21,0.0,4.5,1.8,0.0,0.0
2026-03-22,0.0,2.7,0.9,0.0,0.0
2026-03-23,0.0,0.9,0.9,0.0,0.0
2026-03-24,0.0,1.8,1.8,0.0,0.0
2026-03-25,0.0,16.200000000000003,0.9,0.0,0.0
2026-03-26,0.0,10.800000000000002,7.200000000000001,0.0,0.0
2026-03-27,0.0,5.4,6.300000000000001,1.8,0.0
2026-03-28,2.7,8.100000000000001,2.7,0.0,0.0
2026-03-29,0.9,8.100000000000001,2.7,0.0,0.0
2026-03-30,0.0,6.300000000000001,0.0,0.0,0.0
2026-03-31,0.0,2.7,1.8,0.0,0.0
2026-04-01,0.0,1.8,1.8,0.0,0.0
2026-04-02,0.9,4.5,0.9,0.0,0.0
2026-04-03,0.0,0.9,0.9,0.0,0.0
2026-04-04,0.0,0.9,0.0,0.0,0.0
2026-04-05,0.0,0.9,0.0,0.0,0.0
2026-04-06,0.0,2.7,0.0,0.0,0.0
2026-04-07,4.5,2.7,0.0,0.9,0.0
2026-04-08,0.0,3.6,0.0,0.9,0.0
2026-04-09,0.0,2.7,0.9,0.0,0.0
2026-04-10,0.0,6.300000000000001,0.0,0.0,0.0
2026-04-15,0.0,0.6,0.0,2.7,0.0
2026-04-16,0.0,4.5,0.0,0.0,0.0
2026-04-18,0.0,0.9,2.7,0.0,0.0
2026-04-20,0.0,3.6,0.0,0.0,0.0
2026-04-21,0.0,1.8,0.9,0.0,0.0
2026-04-22,0.0,7.200000000000001,0.0,0.0,0.0
2026-04-23,0.0,2.7,0.0,0.0,0.0
2026-04-24,0.0,3.6,0.0,0.0,0.0
2026-04-25,0.0,0.9,0.0,0.0,0.0
2026-04-27,0.0,1.8,0.0,0.0,0.0
2026-04-28,0.0,2.7,0.0,0.0,0.0
2026-04-29,0.0,1.8,0.9,0.0,0.0
2026-04-30,0.0,0.9,0.0,0.0,0.0
2026-05-01,0.0,0.9,0.0,0.0,0.0
2026-05-03,0.0,2.7,0.0,0.0,0.0
2026-05-04,0.0,0.9,0.0,0.0,0.0
2026-05-05,0.0,0.9,0.0,0.0,0.0
2026-05-06,0.0,0.9,0.0,0.0,0.0
2026-05-07,0.0,0.9,0.0,0.0,0.0
2026-05-10,0.0,6.300000000000001,0.0,0.0,0.0
2026-05-11,0.0,1.8,0.0,0.0,0.0
2026-05-12,0.0,9.000000000000002,2.7,0.9,0.0
2026-05-13,0.0,3.6,0.9,0.0,0.0
2026-05-14,0.0,0.9,0.0,0.0,0.0
2026-05-15,0.0,3.6,0.9,0.0,0.0
2026-05-16,0.0,4.5,0.9,0.0,0.0
2026-05-17,0.0,3.6,0.0,0.0,0.0
2026-05-18,0.0,1.8,0.0,0.0,0.0
2026-05-20,0.9,0.9,0.0,0.0,0.0
2026-05-21,0.0,1.8,0.0,0.0,0.0
2026-05-23,0.0,1.8,0.0,0.0,0.0
2026-05-26,0.0,0.9,1.8,0.0,0.0
2026-06-01,0.0,0.9,0.0,0.0,0.0
2026-06-02,0.0,0.9,0.0,0.9,0.0
2026-06-03,0.0,0.0,0.9,0.0,0.0
2026-06-04,0.0,1.8,0.0,0.0,0.0
2026-06-05,0.0,0.9,0.0,0.0,0.0
2026-06-07,0.0,0.0,0.9,0.0,0.0
2026-06-08,0.0,0.0,1.8,0.0,0.0
2026-06-09,0.0,0.9,0.0,0.0,0.0
2026-06-11,0.0,6.300000000000001,0.0,0.0,0.0
2026-06-14,0.0,0.9,0.0,0.0,0.0
2026-06-16,0.9,0.0,0.0,0.0,0.0
2026-06-17,0.0,1.8,0.0,0.0,0.0
2026-06-22,0.0,0.9,0.9,0.0,0.0
2026-06-24,0.0,0.9,0.0,0.0,0.0
2026-06-25,0.0,0.9,0.0,0.9,0.0
2026-06-26,0.0,0.9,0.0,0.0,0.0
2026-06-27,0.0,1.8,0.0,1.8,0.0
2026-06-28,0.0,0.9,0.0,0.0,0.0
2026-06-29,0.0,0.9,1.8,0.0,0.0
2026-07-01,0.0,0.9,0.0,0.0,0.0
2026-07-02,0.0,0.9,0.9,0.9,0.0
2026-07-05,0.0,0.9,0.0,0.0,0.0
2026-07-08,0.0,0.0,1.8,0.0,0.0
2026-07-10,0.0,0.9,0.0,0.0,0.0
2026-07-12,0.0,0.9,0.0,0.0,0.0
2026-07-14,0.0,0.9,0.9,0.0,0.0
2026-07-17,0.0,0.9,1.8,0.0,0.0
2026-07-19,0.0,0.9,1.8,0.0,0.0
2026-07-20,0.0,1.8,0.0,0.0,0.0
2026-07-21,0.0,1.8,0.0,0.0,0.0
2026-07-23,0.0,0.9,0.9,0.0,0.0
2026-07-24,0.0,1.8,0.9,0.0,0.0
2026-07-26,0.0,0.9,0.0,0.0,0.0
2026-07-27,0.9,0.9,0.0,0.0,0.0
2026-07-29,0.0,0.9,0.0,0.0,0.0
